pravna_forma,nazov_meno,adresa,mesto,okres,kraj,telefonne_cislo,mail,bankove_spojenie,ico,dic
FO,ADAMKOVA MARIA,1. mája,Batizovce,Poprad,Prešovský kraj,"421,924,570,251",rhoncus.Proin.nisl@vel.com,740983445/1819,12345678,1234567891
FO,ADAMOVA HELENA,29. augusta,Bátka,Rimavská Sobota,Banskobystrický kraj,"421,988,698,935",nunc.sed.libero@primisin.edu,260527185/9188,12345679,1234567900
FO,ADAMOVICOVA SILVIA,8. mája,Bátorová,Veľký Krtíš,Banskobystrický kraj,"421,948,227,638",ac.urna.Ut@Crasvulputatevelit.com,764005807/9260,12345680,1234567909
FO,ANDRASOVA ANNA,Adámiho,Bátorove Kosihy,Komárno,Nitriansky kraj,"421,981,718,716",sem.vitae.aliquam@Vivamusnon.ca,475079481/6194,12345681,1234567918
FO,Andrejčáková  Katarína,Agátová,Bátovce,Levice,Nitriansky kraj,"421,928,523,416",elit.fermentum.risus@torquentperconubia.edu,252741480/0683,12345682,1234567927
FO,ANDROVIC PETER,Albánska,Beckov,Nové Mesto nad Váhom,Trenčiansky kraj,"421,975,134,398",velit.in.aliquet@aliquetmetusurna.com,063880486/3047,12345683,1234567936
FO,ANTOLOVA EVA,Albrechtova,Beharovce,Levoča,Prešovský kraj,"421,972,320,716",enim.Mauris@dictum.edu,716309768/4235,12345684,1234567945
FO,ANWARZAI ASSADULLAH,Alejová,Becherov,Bardejov,Prešovský kraj,"421,959,294,871",elit.elit@tristiquepharetraQuisque.edu,322389348/6895,12345685,1234567954
FO,ARENDARCIKOVA DANIELA,Alešova,Belá,Nové Zámky,Nitriansky kraj,"421,936,326,788",Phasellus@sedorcilobortis.edu,997855200/0690,12345686,1234567963
FO,BACINSKY PETER,Alstrova,Belá,Žilina,Žilinský kraj,"421,993,184,492",convallis.erat.eget@magnisdis.org,922260589/0074,12345687,1234567972
FO,BACHRATA PETRA,Alžbetínska,Belá-Dulice,Martin,Žilinský kraj,"421,958,332,345",sit.amet.consectetuer@commodoauctorvelit.org,095152965/2517,12345688,1234567981
FO,Bajačeková Elena,A. Gwerkovej,Belá nad Cirochou,Snina,Prešovský kraj,"421,954,462,115",feugiat.Sed@Fuscefeugiat.org,557177785/9915,12345689,1234567990
FO,Bakošová  Alžbeta,Ambroseho,Beladice,Zlaté Moravce,Nitriansky kraj,"421,927,442,787",nec@velitduisemper.org,462246870/0590,12345690,1234567999
FO,BALANOVA LUCIA,Ambrova,Belejovce,Svidník,Prešovský kraj,"421,969,428,475",Quisque@justofaucibus.edu,194435973/8754,12345691,1234568008
FO,BALASCAKOVA ANNA,Ambrušova,Belín,Rimavská Sobota,Banskobystrický kraj,"421,953,817,821",semper.pretium.neque@placerat.org,529545735/0457,12345692,1234568017
FO,Bálintová Eva,Amelková,Belina,Lučenec,Banskobystrický kraj,"421,913,759,548",eu.placerat@NullainterdumCurabitur.com,898604071/0143,12345693,1234568026
FO,Bálintová Mária,Americká,Belince,Topoľčany,Nitriansky kraj,"421,979,794,127",in@estvitaesodales.ca,424646348/3982,12345694,1234568035
FO,BALLAYOVA DAGMAR,Americké námestie,Bellova Ves,Dunajská Streda,Trnavský kraj,"421,966,958,201",ut@Nunc.edu,073286874/5046,12345695,1234568044
FO,BALUSIK IGOR,Amurská,Beloveža,Bardejov,Prešovský kraj,"421,966,202,107",hendrerit.a@faucibusorciluctus.ca,499284281/4850,12345696,1234568053
FO,Balušková Jana,A. Mráza,Beluj,Banská Štiavnica,Banskobystrický kraj,"421,938,499,381",mi.tempor@risus.edu,913980839/5383,12345697,1234568062
FO,Baráni Marcel,A. Plávku,Beluša,Púchov,Trenčiansky kraj,"421,992,475,930",magnis.dis.parturient@ametconsectetueradipiscing.edu,559143539/0270,12345698,1234568071
FO,BOBOVNICKY JULIUS,Andrusovova,Belža,Košice-okolie,Košický kraj,"421,997,268,207",enim.Sed.nulla@mitemporlorem.com,432580226/9275,12345699,1234568080
FO,BODENSTORFER ANDREA,Anenská,Beniakovce,Košice-okolie,Košický kraj,"421,911,438,872",fermentum.convallis@egestasSed.org,992706478/0950,12345700,1234568089
FO,BUDINSKA KATARINA,Anízová,Benice,Martin,Žilinský kraj,"421,926,476,655",ultrices.posuere@Aliquamornare.com,807906743/2999,12345701,1234568098
FO,Bujdáková Jarmila,Antická,Benkovce,Vranov nad Topľou,Prešovský kraj,"421,936,826,732",mattis@mus.edu,601786257/0478,12345702,1234568107
FO,BUJDOSO ROBERT,Antolská,Beňadiková,Liptovský Mikuláš,Žilinský kraj,"421,949,518,675",laoreet@adipiscinglobortis.edu,999689115/9018,12345703,1234568116
FO,BUJDOSOOVA VIERA,Arménska,Beňadikovce,Svidník,Prešovský kraj,"421,993,405,272",egestas.ligula.Nullam@nequeMorbiquis.edu,175956723/8108,12345704,1234568125
FO,BUKOVSKA VIERA,Astronomická,Beňadovo,Námestovo,Žilinský kraj,"421,936,735,762",orci.adipiscing@nullaIntegervulputate.org,661063863/6710,12345705,1234568134
FO,BUNOVA BARBORA,Astrová,Beňatina,Sobrance,Košický kraj,"421,920,730,570",dolor@Donectempor.com,026337026/4828,12345706,1234568143
FO,BURAN IVAN,Avarská,Beňuš,Brezno,Banskobystrický kraj,"421,902,221,689",at.auctor@Integerinmagna.org,343452117/1658,12345707,1234568152
FO,Burdová Ivana,Azalková,Bernolákovo,Senec,Bratislavský kraj,"421,958,517,979",massa.lobortis@tristique.ca,896279946/1576,12345708,1234568161
FO,Cagáňová Martina,Azovská,Bertotovce,Prešov,Prešovský kraj,"421,936,894,408",velit.eu.sem@a.com,018891057/2914,12345709,1234568170
FO,Caisová Danica,Babuškova,Beša,Levice,Nitriansky kraj,"421,964,388,272",litora@enimnislelementum.org,603200727/7445,12345710,1234568179
FO,CANKYOVA ANNA,Bagarova,Beša,Michalovce,Košický kraj,"421,965,210,745",commodo.ipsum@nequeIn.org,547161075/5494,12345711,1234568188
FO,CERVENAK MILAN,Bachova,Bešeňov,Nové Zámky,Nitriansky kraj,"421,973,377,721",magna.sed.dui@mi.ca,360906507/7628,12345712,1234568197
FO,CIBULCIK FRANTISEK,Bajkalská,Bešeňová,Ružomberok,Žilinský kraj,"421,996,259,983",ornare.tortor.at@velitegestas.com,125408624/7435,12345713,1234568206
FO,Ciburová Tatiana,Bajzova,Betlanovce,Spišská Nová Ves,Košický kraj,"421,971,406,020",elit.fermentum@quam.org,101757361/2986,12345714,1234568215
FO,CICVAK PETER,Bakošova,Betliar,Rožňava,Košický kraj,"421,947,623,373",nec.urna@Vestibulum.edu,841747572/9173,12345715,1234568224
FO,Cifra Štefan,Balkánska,Bežovce,Sobrance,Košický kraj,"421,955,229,495",facilisis.non@diamnuncullamcorper.org,099136379/8973,12345716,1234568233
FO,CIFRAKOVA ZLATICA,Baltská,Bidovce,Košice-okolie,Košický kraj,"421,996,870,877",Donec.tincidunt@blanditatnisi.ca,453912841/2895,12345717,1234568242
FO,CIGLANSKA EVA,Bancíkovej,Biel,Trebišov,Košický kraj,"421,939,525,831",ad.litora.torquent@VivamusrhoncusDonec.edu,956006751/3523,12345718,1234568251
FO,CIMPRICHOVA ANDREA,Banícka,Bielovce,Levice,Nitriansky kraj,"421,936,750,106",elit@bibendumDonec.ca,814308259/0056,12345719,1234568260
FO,Cingelová Miriam,Baničova,Biely Kostol,Trnava,Trnavský kraj,"421,901,868,295",Maecenas@tortornibhsit.org,499196167/9002,12345720,1234568269
FO,CISAROVA NATALIA,Baníkova,Bijacovce,Levoča,Prešovský kraj,"421,949,452,386",auctor.vitae@augue.ca,161134562/5495,12345721,1234568278
FO,CUCHRAN PETER,Banskobystrická,Bílkove Humence,Senica,Trnavský kraj,"421,975,661,824",egestas@felis.com,397306321/2533,12345722,1234568287
FO,CUNINKOVA MARIA,Banšelova,Bíňa,Nové Zámky,Nitriansky kraj,"421,945,789,778",arcu.vel.quam@maurisMorbi.com,707313943/8034,12345723,1234568296
FO,CVIRKOVA GABRIELA,Bardejovská,Bíňovce,Trnava,Trnavský kraj,"421,938,973,811",amet@sedsem.com,655404006/9885,12345724,1234568305
FO,CZOKOLY VOJTECH ml.,Bárdošova,Biskupice,Lučenec,Banskobystrický kraj,"421,949,334,258",congue@accumsanneque.ca,006735224/0674,12345725,1234568314
FO,CZOVEKOVA EVA,Barónka,Biskupová,Topoľčany,Nitriansky kraj,"421,907,565,938",velit@rutrummagna.com,614982326/6410,12345726,1234568323
FO,Černoková Adriana,Bartókova,Bitarová,Žilina,Žilinský kraj,"421,959,160,299",commodo.auctor.velit@nonduinec.ca,210195939/1358,12345727,1234568332
FO,Červenáková Martina,Bartoňova,Blahová,Dunajská Streda,Trnavský kraj,"421,998,856,143",Quisque.tincidunt.pede@massaSuspendisse.org,415272601/0725,12345728,1234568341
FO,Čunderlíková Mária,Bartoškova,Bohdanovce nad Trnavou,Trnava,Trnavský kraj,"421,992,517,042",tempus@nuncrisusvarius.org,823256734/8535,12345729,1234568350
FO,DANCOVA ADRIANA,Baštová,Boheľov,Dunajská Streda,Trnavský kraj,"421,938,573,577",Nullam.nisl.Maecenas@ac.org,616650978/8701,12345730,1234568359
FO,DANKOVA MONIKA,Batkova,Bohunice,Ilava,Trenčiansky kraj,"421,932,543,504",justo.sit@scelerisqueloremipsum.org,073985299/1735,12345731,1234568368
FO,DECSIOVA ZUZANA,Bazalková,Bohunice,Levice,Nitriansky kraj,"421,979,843,367",ipsum.leo@antedictummi.ca,470565319/5344,12345732,1234568377
FO,Donáth Vladimír,Bazová,Bohúňovo,Rožňava,Košický kraj,"421,977,312,204",dignissim@vitaenibh.edu,840843025/1563,12345733,1234568386
FO,DORNETZHUBEROVA MAGDA,Bazovského,Bojná,Topoľčany,Nitriansky kraj,"421,995,858,389",Donec.fringilla.Donec@afelisullamcorper.org,794794545/5815,12345734,1234568395
FO,DRAGUNOVA MARIA,Bažantia,Bojnice,Prievidza,Trenčiansky kraj,"421,945,126,527",tristique.neque@Duis.org,562278812/9128,12345735,1234568404
FO,DRANCIK FRANTISEK,Bebravská,Bojničky,Hlohovec,Trnavský kraj,"421,924,552,160",adipiscing.lobortis.risus@dapibus.ca,679335614/5596,12345736,1234568413
FO,DROBNY MICHAL,Belinského,Boldog,Senec,Bratislavský kraj,"421,990,897,013",sem.mollis.dui@leo.ca,743894164/2122,12345737,1234568422
FO,Droppa  Ivan,Bernolákova,Boleráz,Trnava,Trnavský kraj,"421,968,480,317",dolor.Nulla.semper@liberomauris.edu,016850343/8906,12345738,1234568431
FO,DROZDA MARTIN,Betliarska,Bolešov,Ilava,Trenčiansky kraj,"421,951,657,026",nec@nec.org,683248663/2794,12345739,1234568440
FO,DRUNEKOVA KATARINA,Bezručova,Boliarov,Košice-okolie,Košický kraj,"421,956,141,858",vel.arcu.eu@nibh.org,010274678/6200,12345740,1234568449
FO,Dúbravová  Eva,Beňadická,Boľ,Trebišov,Košický kraj,"421,910,720,893",dictum.mi@enim.ca,398115354/2030,12345741,1234568458
FO,DUCAROVA IVANA,Bieloruská,Boľkovce,Lučenec,Banskobystrický kraj,"421,957,798,502",vel.venenatis.vel@ipsumnuncid.ca,719564334/0345,12345742,1234568467
FO,Ďuďová Mária,Blagoevova,Borcová,Turčianske Teplice,Žilinský kraj,"421,984,720,297",vitae@et.com,369753626/5804,12345743,1234568476
FO,Dupejová Beáta,Bodvianska,Borčany,Bánovce nad Bebravou,Trenčiansky kraj,"421,931,246,153",molestie.in@consequatenimdiam.org,631400399/6159,12345744,1234568485
FO,DURAN ALEXANDER,Bohrova,Borčice,Ilava,Trenčiansky kraj,"421,969,984,890",Etiam.bibendum@fringillaeuismodenim.org,190499206/5802,12345745,1234568494
FO,DURISOVA DAGMAR,Bosákova,Borinka,Malacky,Bratislavský kraj,"421,983,574,743",et.ultrices.posuere@actellus.ca,309251662/5344,12345746,1234568503
FO,Dvorák Miloslav,Boskovičova,Borová,Trnava,Trnavský kraj,"421,962,517,638",odio.a@amifringilla.edu,646959396/7750,12345747,1234568512
FO,DZOPKO MICHAL,Bottova,Borovce,Piešťany,Trnavský kraj,"421,940,101,786",aliquam@elitCurabitursed.edu,242878002/3912,12345748,1234568521
FO,DZUGAN JAN,Bradáčova,Borský Mikuláš,Senica,Trnavský kraj,"421,992,204,054",urna@lectus.edu,658047317/8007,12345749,1234568530
FO,DZUROVA JARMILA,Brančská,Bracovce,Michalovce,Košický kraj,"421,909,316,230",nonummy.ultricies.ornare@risusodio.com,830939320/0876,12345750,1234568539
FO,Džubera Andrej,Bratská,Branč,Nitra,Nitriansky kraj,"421,997,463,854",dictum.magna@semmollis.ca,985691146/0850,12345751,1234568548
FO,Džupina Andrej,Budatínska,Branovo,Nové Zámky,Nitriansky kraj,"421,996,757,836",Donec.at@idmollis.com,200340138/8141,12345752,1234568557
FO,Eiben Eugen,Bulharská,Bratislava,Bratislava I,Bratislavský kraj,"421,945,386,980",turpis@convallisdolor.com,568989071/6842,12345753,1234568566
FO,ELIASOVA JANKA,Bulíkova,Brusník,Veľký Krtíš,Banskobystrický kraj,"421,908,650,879",neque.tellus.imperdiet@mauris.com,528634400/5215,12345754,1234568575
FO,FABIANOVA KATARINA,Bylinková,Brusno,Banská Bystrica,Banskobystrický kraj,"421,957,472,707",at.lacus@purus.org,339171946/1623,12345755,1234568584
FO,FARKAS ANTON,Bzovícka,Brutovce,Levoča,Prešovský kraj,"421,946,309,542",Donec.est@miDuisrisus.org,522156283/1633,12345756,1234568593
FO,FECENKO MIKULAS,Chalupkova,Bruty,Nové Zámky,Nitriansky kraj,"421,932,166,619",egestas@atpretiumaliquet.org,589837265/2364,12345757,1234568602
FO,FECKOVA ADRIENA,Cintorínska,Brvnište,Považská Bystrica,Trenčiansky kraj,"421,911,686,900",Morbi.quis@felisullamcorperviverra.com,189736050/9337,12345758,1234568611
FO,Fedor Peter-Freibergh,Cyprichova,Brzotín,Rožňava,Košický kraj,"421,942,475,174",malesuada.malesuada@Crasinterdum.org,421257651/2178,12345759,1234568620
FO,FEDORCAKOVA MAGDALENA,Dargovská,Buclovany,Bardejov,Prešovský kraj,"421,982,960,577",Morbi@quisturpisvitae.com,763359525/2320,12345760,1234568629
FO,Feketeová  Eva,Diamantová,Búč,Komárno,Nitriansky kraj,"421,936,157,714",hendrerit.id@Duis.ca,129001174/6244,12345761,1234568638
FO,FEKETEOVA MARTA,Dolnozemská,Bučany,Trnava,Trnavský kraj,"421,945,589,572",ac@ullamcorperviverraMaecenas.edu,037385237/1019,12345762,1234568647
FO,FEKETOVA SONA,Donnerova,Budča,Zvolen,Banskobystrický kraj,"421,970,180,849",pellentesque.eget@quamdignissim.org,584524957/6851,12345763,1234568656
FO,FELEDIOVA RENATA,Dopravna,Budikovany,Rimavská Sobota,Banskobystrický kraj,"421,953,914,326",Suspendisse.eleifend@vulputaterisus.org,217444807/7201,12345764,1234568665
FO,FERENCIKOVA MARTA,Drotárska,Bystrá,Brezno,Banskobystrický kraj,"421,909,829,915",tristique.neque.venenatis@risus.com,617417841/1496,12345765,1234568674
FO,Ficková Hedviga,Dubnická (Bratislava)Dubnická,Bystrá,Stropkov,Prešovský kraj,"421,980,587,782",hendrerit@placeratCrasdictum.ca,786774467/6215,12345766,1234568683
FO,Fischer Imrich,Dudova,Bystrany,Spišská Nová Ves,Košický kraj,"421,949,465,747",mollis@diamvelarcu.org,756698336/0422,12345767,1234568692
FO,Flešár Gabriel,Einsteinova,Bystré,Vranov nad Topľou,Prešovský kraj,"421,945,578,737",auctor.vitae@eu.ca,216793465/7237,12345768,1234568701
FO,FOGELOVA ALENA,Eisnerova,Bystričany,Prievidza,Trenčiansky kraj,"421,965,688,228",est.mollis.non@semmollisdui.org,547947749/6356,12345769,1234568710
FO,FOLOSOVA IVETA,Fadejevova,Bystrička,Martin,Žilinský kraj,"421,944,279,767",venenatis.vel@tellusPhasellus.edu,574917269/3778,12345770,1234568719
FO,FORGAC STEFAN,Farského,Byšta,Trebišov,Košický kraj,"421,955,722,667",justo.Proin@lobortisnisinibh.edu,864736962/7134,12345771,1234568728
FO,FRIMMELOVA PATRICIA,Fedinova,Bytča,Bytča,Žilinský kraj,"421,952,496,449",Phasellus@Pellentesquetincidunt.edu,673201595/7874,12345772,1234568737
FO,GAJDOS EDUARD,Fedákova,Bzenica,Žiar nad Hronom,Banskobystrický kraj,"421,945,210,548",enim.Curabitur@rutrum.org,729592838/2320,12345773,1234568746
FO,GALANDA MIROSLAV,Figová,Bzenov,Prešov,Prešovský kraj,"421,918,640,606",dictum.eleifend@dapibusquam.com,663271273/7425,12345774,1234568755
FO,GALBAVA MARIA,Furdekova,Bzince pod Javorinou,Nové Mesto nad Váhom,Trenčiansky kraj,"421,960,786,959",eleifend@Vivamusnon.edu,324383702/5896,12345775,1234568764
FO,Galková Viera,Gajova,Čičarovce,Michalovce,Košický kraj,"421,963,560,390",gravida.sit@arcuSed.ca,099081515/2803,12345776,1234568773
PO,GARAY ROBERT,Gallayova,Čičava,Vranov nad Topľou,Prešovský kraj,"421,986,399,157",tellus.Phasellus.elit@fringilla.edu,391417982/3675,12345777,1234568782
PO,GASPAROVA EVA,Gercenova,Čičmany,Žilina,Žilinský kraj,"421,924,990,499",turpis@ultriciessemmagna.edu,508823767/8411,12345778,1234568791
PO,GASPAROVA NADEZDA,Gessayova,Číčov,Komárno,Nitriansky kraj,"421,969,770,340",neque@sedpede.com,557773365/0095,12345779,1234568800
PO,GAZDIKOVA EMILIA,Gettingova,Čierna,Trebišov,Košický kraj,"421,965,360,514",et.libero.Proin@eratsemper.org,224554228/2560,12345780,1234568809
PO,GAZDIKOVA KAMILA,Gogoľova,Čierna Lehota,Bánovce nad Bebravou,Trenčiansky kraj,"421,928,985,048",nibh@nullaat.edu,068339495/5149,12345781,1234568818
PO,GAZIOVA MIRIAM,Goralská,Čierna Lehota,Rožňava,Košický kraj,"421,994,809,777",dapibus.rutrum@Suspendisseac.edu,863304198/1037,12345782,1234568827
PO,Gdovinová Zuzana,Gorkého,Čierna nad Tisou,Trebišov,Košický kraj,"421,998,336,164",sem@consectetuer.org,855352496/6172,12345783,1234568836
PO,Genčík Andrej,Grösslingová,Čierna Voda,Galanta,Trnavský kraj,"421,948,121,724",Morbi@dictumultriciesligula.org,452699048/0835,12345784,1234568845
PO,GERBERYOVA ANDREA,Haanova,Čierne,Čadca,Žilinský kraj,"421,921,867,409",nisi@luctusaliquetodio.ca,642867367/5021,12345785,1234568854
PO,GERNATH LUBOMIR,Handlovská,Čierne Kľačany,Zlaté Moravce,Nitriansky kraj,"421,962,793,869",eleifend@atortorNunc.ca,299810800/8540,12345786,1234568863
PO,GETLIK LADISLAV,Harmanecká,Čierne nad Topľou,Vranov nad Topľou,Prešovský kraj,"421,966,206,056",In.condimentum@sit.org,773982678/2938,12345787,1234568872
PO,GINTEROVA ANNA,Harmincova,Čierne Pole,Michalovce,Košický kraj,"421,975,314,109",quis.urna.Nunc@arcu.com,523488069/3269,12345788,1234568881
PO,GLASNAKOVA ANNA,Hlaváčikova,Čierny Balog,Brezno,Banskobystrický kraj,"421,908,477,204",lacinia.orci@dolorQuisquetincidunt.org,518229652/5487,12345789,1234568890
PO,GMITTEROVA KARIN,Holubyho,Čierny Brod,Galanta,Trnavský kraj,"421,922,609,428",eget.nisi.dictum@velconvallisin.edu,460192524/6085,12345790,1234568899
PO,GOGOLAK IVAN,Holíčska,Čierny Potok,Rimavská Sobota,Banskobystrický kraj,"421,916,524,138",sit.amet.ante@ametorci.edu,631250527/7196,12345791,1234568908
PO,GOGOLAKOVA ALICA,Horná,Čifáre,Nitra,Nitriansky kraj,"421,923,833,536",Duis@eusemPellentesque.com,776708345/5989,12345792,1234568917
PO,GOLDENBERG ZOLTAN,Hriňovská,Dolná Tižina,Žilina,Žilinský kraj,"421,990,880,310",nec.mauris@velit.ca,725684141/0865,12345793,1234568926
PO,GORTHA STEFAN,Hrobákova,Dolná Trnávka,Žiar nad Hronom,Banskobystrický kraj,"421,955,511,421",sapien@cursus.edu,022990580/8537,12345794,1234568935
PO,GOSSANYIOVA DANICA,Hrobárska,Dolná Ves,Žiar nad Hronom,Banskobystrický kraj,"421,979,122,717",lacinia.at.iaculis@Namacnulla.org,369483549/2952,12345795,1234568944
PO,Gregušová Judita,Hviezdoslavova,Dolná Ždaňa,Žiar nad Hronom,Banskobystrický kraj,"421,969,721,532",in@magna.edu,142393231/7062,12345796,1234568953
PO,Grenda Štefan,Hálova,Dolné Dubové,Trnava,Trnavský kraj,"421,979,742,942",egestas.Duis.ac@mifringillami.ca,899122171/2355,12345797,1234568962
PO,GROFIK MILAN,Iľjušinova,Dolné Kočkovce,Púchov,Trenčiansky kraj,"421,930,296,587",adipiscing@nibhenimgravida.ca,020912091/9609,12345798,1234568971
PO,Gromová Daša,Janka Kráľa,Dolné Lefantovce,Nitra,Nitriansky kraj,"421,993,393,614",lobortis.risus.In@loremvitaeodio.com,203461104/5500,12345799,1234568980
PO,Gurčík  Ladislav,Jankolova,Dolné Lovčice,Trnava,Trnavský kraj,"421,947,648,526",neque.Morbi.quis@porttitor.com,948780714/1779,12345800,1234568989
PO,GUTAN SLAVOMIR,Jantárová cesta,Dolné Mladonice,Krupina,Banskobystrický kraj,"421,951,521,219",tempor@dui.ca,069188842/0911,12345801,1234568998
PO,HABERERNOVA JANA,Jarná,Dolné Naštice,Bánovce nad Bebravou,Trenčiansky kraj,"421,918,429,501",facilisis.magna.tellus@arcuVivamussit.org,950005371/4633,12345802,1234569007
PO,HADASOVA KATARINA,Jaroslavova,Dolný Kalník,Martin,Žilinský kraj,"421,960,604,246",diam.luctus@volutpat.com,611356592/4133,12345803,1234569016
PO,Haffnerová Ivica,Jaskový rad,Dolný Kubín,Dolný Kubín,Žilinský kraj,"421,984,628,187",velit@hendrerit.org,939079327/1370,12345804,1234569025
PO,HAGAROVA IZABELA,Jasovská,Dolný Lieskov,Považská Bystrica,Trenčiansky kraj,"421,925,106,833",odio.sagittis@semPellentesqueut.org,781369374/0715,12345805,1234569034
PO,HAJAS GABRIEL,Javorinská,Dolný Lopašov,Piešťany,Trnavský kraj,"421,900,616,387",sem.ut@Morbi.com,666433398/8234,12345806,1234569043
PO,Hakošová Daniela,Jašíkova,Dolný Ohaj,Nové Zámky,Nitriansky kraj,"421,995,818,202",vestibulum.massa@esttempor.edu,276380906/9885,12345807,1234569052
PO,Halecká  Anastázia,Jelačičova,Dolný Pial,Levice,Nitriansky kraj,"421,990,679,183",pede.blandit@CrasinterdumNunc.edu,944401362/6257,12345808,1234569061
PO,Hamáčková Kvetoslava,Jesenského,Dolný Štál,Dunajská Streda,Trnavský kraj,"421,985,643,269",cursus@egetmassa.edu,748871783/8903,12345809,1234569070
PO,HAMZOVA MARIANA,Jiráskova,Dolný Vadičov,Kysucké Nové Mesto,Žilinský kraj,"421,982,882,230",ridiculus@ante.org,959051317/1902,12345810,1234569079
PO,HANACKOVA EVA,Jungmannova,Doľany,Pezinok,Bratislavský kraj,"421,994,685,948",Phasellus@rhoncus.org,134554156/8171,12345811,1234569088
PO,HANCINOVA VIERA,Jégého,Doľany,Levoča,Prešovský kraj,"421,918,280,889",Pellentesque@convallisdolorQuisque.com,533645660/1081,12345812,1234569097
PO,HANCULAK JOZEF,Kapicova,Domadice,Levice,Nitriansky kraj,"421,995,987,913",augue.ut.lacus@dignissim.ca,761147913/9323,12345813,1234569106
PO,HARING JOZEF,Kapucínska,Domaníky,Krupina,Banskobystrický kraj,"421,963,687,739",turpis.egestas@Proin.com,256499048/4740,12345814,1234569115
PO,Haring Jozef,Karadžičova,Domaniža,Považská Bystrica,Trenčiansky kraj,"421,970,810,063",sapien.molestie@gravida.org,015170050/3762,12345815,1234569124
PO,HAUSEROVA ZUZANA,Karola Adlera,Domaňovce,Levoča,Prešovský kraj,"421,902,675,906",laoreet.lectus.quis@nonummyultricies.org,589128993/4694,12345816,1234569133
PO,HEJCIK PAVOL,Kaukazská,Donovaly,Banská Bystrica,Banskobystrický kraj,"421,964,158,673",commodo@metusInlorem.org,203608341/8322,12345817,1234569142
PO,HERENYIOVA JUDITA,Klariská,Drábsko,Brezno,Banskobystrický kraj,"421,912,255,491",egestas.urna.justo@ut.com,370012943/6463,12345818,1234569151
PO,HERGOTTOVA ANDREA,Klokočova,Drahňov,Michalovce,Košický kraj,"421,929,582,154",sodales.purus.in@metusAliquamerat.org,632507794/3180,12345819,1234569160
PO,HERMANOVA EVA,Kolmá,Drahovce,Piešťany,Trnavský kraj,"421,915,405,954",quam.elementum.at@temporarcu.edu,561001020/7135,12345820,1234569169
PO,Hermanová Petra,Kopčianska,Dravce,Levoča,Prešovský kraj,"421,941,676,139",semper.Nam.tempor@arcu.com,774683558/5797,12345821,1234569178
PO,HIDEGHETYOVA EVA,Kočánkova,Dražice,Rimavská Sobota,Banskobystrický kraj,"421,926,906,708",ut.odio.vel@Nullafacilisi.ca,641993167/2691,12345822,1234569187
PO,HILVERTOVA AGATA,Krasovského,Hažlín,Bardejov,Prešovský kraj,"421,994,696,676",erat.semper@nisiAeneaneget.com,022329078/6724,12345823,1234569196
PO,HIRNER VLADIMIR,Kremnická,Helcmanovce,Gelnica,Košický kraj,"421,966,538,014",lorem.vitae@doloregestasrhoncus.org,975602947/2029,12345824,1234569205
PO,HLAVATA VIERA,Krupinská,Heľpa,Brezno,Banskobystrický kraj,"421,934,753,672",Aliquam@cubiliaCurae;Donec.edu,507679833/6859,12345825,1234569214
PO,Hlivjáková Ingrid,Krupkova,Henckovce,Rožňava,Košický kraj,"421,906,865,840",nunc.ullamcorper.eu@blanditmattisCras.edu,340461240/2800,12345826,1234569223
PO,HLUBEK MARTIN,Krymská (Bratislava)Krymská,Henclová,Gelnica,Košický kraj,"421,932,522,529",Vestibulum@sedorci.ca,949131412/1174,12345827,1234569232
PO,HLUBEKOVA ANDREA,Krásnohorská,Hencovce,Vranov nad Topľou,Prešovský kraj,"421,905,112,429",nec.eleifend.non@etlaciniavitae.edu,018826958/0616,12345828,1234569241
PO,Hnath Ján,Krátka,Hendrichovce,Prešov,Prešovský kraj,"421,906,512,368",a.arcu@feugiatnon.com,180165724/3948,12345829,1234569250
PO,Hofericová Babeta,Kubínska,Herľany,Košice-okolie,Košický kraj,"421,907,656,135",arcu@dolordapibus.edu,696385013/9600,12345830,1234569259
PO,HOFIERKOVA STANISLAVA,Kutlíkova,Hronské Kľačany,Levice,Nitriansky kraj,"421,943,444,781",laoreet.ipsum@nonummyutmolestie.com,242921560/3787,12345831,1234569268
PO,Hogerová Zuzana,Ladzianskeho,Hronské Kosihy,Levice,Nitriansky kraj,"421,943,411,126",In.at.pede@consequatpurusMaecenas.org,280545599/6962,12345832,1234569277
PO,HOLLY KAROL,Lachova,Hronský Beňadik,Žarnovica,Banskobystrický kraj,"421,913,175,186",ante.Vivamus@felis.org,855822661/1297,12345833,1234569286
PO,HOLOUBEKOVA NATALIA,Lamačská cesta,Hrubá Borša,Senec,Bratislavský kraj,"421,955,342,852",mattis@utipsum.edu,115906702/4935,12345834,1234569295
PO,HOLOVICOVA TATIANA,Laurinská,Hruboňovo,Nitra,Nitriansky kraj,"421,907,690,158",rutrum@nibhenim.ca,636476490/3252,12345835,1234569304
PO,Honisch Henrich,Lenardova,Hrubov,Humenné,Prešovský kraj,"421,957,900,102",Sed.eget.lacus@sempercursus.edu,550271467/5074,12345836,1234569313
PO,HORNY VLASTIMIL,Levočská,Hrubý Šúr,Senec,Bratislavský kraj,"421,976,151,090",eget.odio@venenatisa.edu,004644334/1700,12345837,1234569322
PO,HORVATHOVA ADRIANA,Lietavská,Hrušov,Veľký Krtíš,Banskobystrický kraj,"421,900,411,852",egestas@ac.edu,476716104/8029,12345838,1234569331
PO,HORVATHOVA MONIKA,Líščie údolie,Hrušov,Rožňava,Košický kraj,"421,921,240,796",vitae@ipsum.org,160467668/0081,12345839,1234569340
PO,HORVATOVA DIANA,M. C. Sklodowskej,Hrušovany,Topoľčany,Nitriansky kraj,"421,910,291,381",nibh.Phasellus.nulla@elitpellentesque.edu,010643415/9935,12345840,1234569349
PO,HRABOVSKA KATARINA,Macharova,Hrušovo,Rimavská Sobota,Banskobystrický kraj,"421,969,395,573",tellus.faucibus.leo@dui.org,139880476/1629,12345841,1234569358
PO,Hradileková Dagmar,Mamateyova,Hruštín,Námestovo,Žilinský kraj,"421,909,939,189",ultricies.ligula@sedturpis.org,021333176/6220,12345842,1234569367
PO,HREHOROVSKA MILENA,Mariánska,Hubice,Dunajská Streda,Trnavský kraj,"421,999,520,195",interdum.Nunc@adipiscing.ca,138862131/0139,12345843,1234569376
PO,HRICAKOVA JARMILA,Markova,Hubina,Piešťany,Trnavský kraj,"421,963,993,197",eu.elit.Nulla@neque.ca,678172697/9251,12345844,1234569385
PO,HRICKO JOZEF,Martinengova,Hubošovce,Sabinov,Prešovský kraj,"421,916,577,962",Cum.sociis.natoque@Pellentesquehabitant.ca,637762099/3835,12345845,1234569394
PO,HRIVIKOVA JANA,Michalská,Hubová,Ružomberok,Žilinský kraj,"421,964,599,359",leo.Cras.vehicula@a.org,909438206/0375,12345846,1234569403
PO,HRNCIAROVA ANNA,Mierová,Hubovo,Rimavská Sobota,Banskobystrický kraj,"421,998,864,216",inceptos.hymenaeos.Mauris@ipsumprimis.ca,267666466/0774,12345847,1234569412
PO,HROBARIKOVA EVA,Mikuláša Schneidra-Trnavského,Hucín,Revúca,Banskobystrický kraj,"421,978,152,270",egestas.hendrerit@Aliquamrutrumlorem.edu,278873616/3868,12345848,1234569421
PO,HROBAROVA BEATA,Miletičova,Hudcovce,Humenné,Prešovský kraj,"421,941,119,348",feugiat@conguea.org,833856461/9953,12345849,1234569430
PO,HRONCEKOVA NORA,Mladej gardy,Hul,Nové Zámky,Nitriansky kraj,"421,986,130,282",pede@Crasloremlorem.org,637832999/6396,12345850,1234569439
PO,HRUBOVSKA ANTONIA,Mlynarovičova,Humenné,Humenné,Prešovský kraj,"421,983,412,087",Sed@a.com,985818811/0606,12345851,1234569448
PO,HRUBY RADOVAN,Mlynské Nivy,Huncovce,Kežmarok,Prešovský kraj,"421,956,453,228",blandit.congue@at.org,923385081/0756,12345852,1234569457
PO,Hržičová Jana,Májová,Hunkovce,Svidník,Prešovský kraj,"421,974,931,341",Aliquam@dolordapibusgravida.org,881261474/1792,12345853,1234569466
PO,HUDCOVSKY JOZEF,Márie Medveďovej,Chmiňany,Prešov,Prešovský kraj,"421,918,110,249",tincidunt.pede.ac@famesac.org,503934745/1446,12345854,1234569475
PO,HYMPAN JAROSLAV,Mýtna,Choča,Zlaté Moravce,Nitriansky kraj,"421,982,539,222",neque.In@dolordapibusgravida.ca,323356438/9708,12345855,1234569484
PO,CHAMILOVA JANA,Na jarku,Chocholná-Velčice,Trenčín,Trenčiansky kraj,"421,976,785,847",Integer@Crasegetnisi.edu,305085235/2165,12345856,1234569493
PO,CHMELIKOVA MARIA,Nábrežná,Choňkovce,Sobrance,Košický kraj,"421,957,912,357",vulputate@mi.edu,200890576/3828,12345857,1234569502
PO,CHOVANCOVA DARINA,Nitrianska,Chorvátsky Grob,Senec,Bratislavský kraj,"421,957,440,246",risus@lobortis.edu,386999894/6005,12345858,1234569511
PO,CHOVANOVA VLASTA,Novobanská,Chorváty,Košice-okolie,Košický kraj,"421,905,410,574",est.Mauris.eu@nonleo.com,706588274/2899,12345859,1234569520
PO,CHUDA JAN,Obchodná,Chotča,Stropkov,Prešovský kraj,"421,930,930,876",non.luctus.sit@neque.org,152746860/2652,12345860,1234569529
PO,ILLES ROBERT,Okrajová (Bratislava)Okrajová,Chotín,Komárno,Nitriansky kraj,"421,960,923,115",lorem@massa.com,141717824/5463,12345861,1234569538
PO,Ingrová Simone,Oleandrová,Chrabrany,Topoľčany,Nitriansky kraj,"421,986,440,860",dictum@ametdapibus.org,422440781/2379,12345862,1234569547
PO,IVANEK MARIAN,Ondavská,Chrámec,Rimavská Sobota,Banskobystrický kraj,"421,969,338,971",cursus.Nunc.mauris@felis.edu,967215829/9853,12345863,1234569556
PO,IVANKOVA IVETA,Opálová,Chrastince,Veľký Krtíš,Banskobystrický kraj,"421,906,760,428",sed.sem.egestas@aptent.org,145661428/1836,12345864,1234569565
PO,JACINOVA ANDREA,Osijecká,Chrastné,Košice-okolie,Košický kraj,"421,985,622,210",mollis.Integer.tincidunt@ultricesVivamusrhoncus.org,378068771/0089,12345865,1234569574
PO,JAKOBEIOVA MAGDALENA,Osuského,Chrasť nad Hornádom,Spišská Nová Ves,Košický kraj,"421,993,572,402",mollis.non.cursus@nibh.org,125450773/7226,12345866,1234569583
PO,Jakubíková Hedviga,Očovská,Chrenovec-Brusno,Prievidza,Trenčiansky kraj,"421,959,172,750",ullamcorper@dictum.ca,955174103/1054,12345867,1234569592
PO,JANCO STANISLAV,Pajštúnska,Chropov,Skalica,Trnavský kraj,"421,992,297,557",nisl.Nulla.eu@mus.ca,431555742/4296,12345868,1234569601
PO,JANIS LADISLAV,Palisády,Chrťany,Veľký Krtíš,Banskobystrický kraj,"421,945,432,908",massa.lobortis@pellentesqueSed.com,857879417/9896,12345869,1234569610
PO,JANOCKOVA MARIA,Palkovičova (Bratislava)Palkovičova,Chtelnica,Piešťany,Trnavský kraj,"421,902,591,118",nulla.Cras.eu@lobortisrisus.com,685755299/7819,12345870,1234569619
PO,JANOSIKOVA MARIA,Panenská,Ivanice,Rimavská Sobota,Banskobystrický kraj,"421,973,592,900",sociis.natoque.penatibus@vitaepurusgravida.org,669580873/5358,12345871,1234569628
PO,JANOVICOVA ZUZANA,Pankúchova,Ivanka pri Dunaji,Senec,Bratislavský kraj,"421,971,307,170",dolor.nonummy.ac@eratvolutpatNulla.com,471929236/7198,12345872,1234569637
PO,JANTOSIK JURAJ,Panská,Ivanka pri Nitre,Nitra,Nitriansky kraj,"421,950,959,947",ultrices.iaculis.odio@iaculis.edu,931301775/5974,12345873,1234569646
PO,JARABKOVA MARGITA,Panónska cesta,Ivanovce,Trenčín,Trenčiansky kraj,"421,900,275,290",sollicitudin.commodo@Nulla.ca,547563615/8511,12345874,1234569655
PO,JAROSCAK RADOVAN,Partizánska,Iža,Komárno,Nitriansky kraj,"421,993,705,171",congue@auctorMaurisvel.ca,382751111/4455,12345875,1234569664
PO,Jarošová Anna,Pekníkova,Jabloň,Humenné,Prešovský kraj,"421,992,747,907",scelerisque.dui.Suspendisse@maurisa.edu,646412970/3669,12345876,1234569673
PO,JERGOVA LYDIA,Pečnianska,Jabloňovce,Levice,Nitriansky kraj,"421,970,768,798",nisl.Quisque.fringilla@eget.edu,534454050/5623,12345877,1234569682
FO,JEZIK LUBOMIR,Pifflova,Jacovce,Topoľčany,Nitriansky kraj,"421,901,672,431",lacus.Quisque@gravida.com,851740430/0664,12345878,1234569691
FO,JEZKOVA KATARINA,Planckova,Jahodná,Dunajská Streda,Trnavský kraj,"421,928,996,793",neque.non@nisl.org,626802352/5213,12345879,1234569700
FO,Ježová Alexandra,Pobrežná (Bratislava)Pobrežná,Jaklovce,Gelnica,Košický kraj,"421,908,730,857",feugiat.Sed@blandit.ca,792421048/4427,12345880,1234569709
FO,JILEKOVA VALERIA,Pod Glavicou,Jakovany,Sabinov,Prešovský kraj,"421,958,911,291",pretium@purusMaecenaslibero.ca,523160438/4620,12345881,1234569718
FO,JOCHOVA DARINA,Pod krížom,Jakubany,Stará Ľubovňa,Prešovský kraj,"421,920,157,144",elementum.dui@elementum.edu,882010945/2556,12345882,1234569727
FO,JOMBIK PETER,Poloreckého,Jakubov,Malacky,Bratislavský kraj,"421,987,466,956",quam@elementumategestas.ca,301576817/4218,12345883,1234569736
FO,JOSAY GABRIEL,Pri pasienku,Jakubova Voľa,Sabinov,Prešovský kraj,"421,916,835,037",vehicula.risus.Nulla@arcuVivamussit.com,164363293/4929,12345884,1234569745
FO,JULIUS DE RIGGO,Pri Starom háji,Jakubovany,Liptovský Mikuláš,Žilinský kraj,"421,935,737,501",vulputate@a.com,544018024/8929,12345885,1234569754
FO,JUNAS RADOVAN,Pri seči,Jakubovany,Sabinov,Prešovský kraj,"421,924,323,481",molestie.tellus.Aenean@iaculis.edu,772853507/1391,12345886,1234569763
FO,JURASKOVA JANA,Pri šanci,Jakušovce,Stropkov,Prešovský kraj,"421,991,006,363",dignissim.lacus@VivamusrhoncusDonec.com,630826376/5677,12345887,1234569772
FO,JURCAGA FRANTISEK,Pribinova,Jalová,Snina,Prešovský kraj,"421,914,698,841",morbi@adipiscinglacus.edu,067364182/7187,12345888,1234569781
FO,JURCIKOVA LUBA,Prokofievova,Jalovec,Prievidza,Trenčiansky kraj,"421,944,256,267",posuere@ac.org,890806215/5792,12345889,1234569790
FO,KACMARIKOVA ANDREA,Prokopova,Jalovec,Liptovský Mikuláš,Žilinský kraj,"421,962,537,783",nec.quam.Curabitur@arcu.ca,449220893/4353,12345890,1234569799
FO,KADERJAKOVA PETRA,Radlinského,Jalšové,Hlohovec,Trnavský kraj,"421,930,530,983",dictum.ultricies@noncursus.edu,624403401/5747,12345891,1234569808
FO,KAHANCOVA EDITA,Rajčianska,Jalšovík,Krupina,Banskobystrický kraj,"421,993,289,915",leo@nonlorem.com,394329712/9109,12345892,1234569817
FO,KALAFUSOVA LUDMILA,Račianska,Jamník,Liptovský Mikuláš,Žilinský kraj,"421,918,536,932",mattis@sapien.ca,552089333/3674,12345893,1234569826
FO,KALAFUSOVA RENATA,Repková,Jamník,Spišská Nová Ves,Košický kraj,"421,966,579,501",Integer.mollis@ante.org,832305258/4466,12345894,1234569835
FO,KALANINOVA JANA,Romanova,Janice,Rimavská Sobota,Banskobystrický kraj,"421,945,958,034",dapibus.quam@Inat.com,668753384/1774,12345895,1234569844
FO,KALINA PAVOL,Rovniankova,Janík,Košice-okolie,Košický kraj,"421,963,471,047",ac.libero.nec@accumsan.org,011850273/2367,12345896,1234569853
FO,KALINA PETER,Rusovská cesta,Janíky,Dunajská Streda,Trnavský kraj,"421,969,626,176",non.justo.Proin@dictumProineget.edu,212879466/0998,12345897,1234569862
FO,KALO PAVEL,Röntgenova,Jankovce,Humenné,Prešovský kraj,"421,911,394,928",diam.vel.arcu@turpisvitaepurus.edu,315166275/8875,12345898,1234569871
FO,KANAT DUSAN,Sasinkova,Janov,Prešov,Prešovský kraj,"421,974,460,057",pede@sedsapienNunc.ca,209871090/7953,12345899,1234569880
FO,KANIANSKA DANICA,Sedlárska,Janova Lehota,Žiar nad Hronom,Banskobystrický kraj,"421,956,566,680",adipiscing.Mauris@lorem.edu,553547609/2610,12345900,1234569889
FO,Kantorová Ema,Slatinská,Janovce,Bardejov,Prešovský kraj,"421,972,094,748",sit.amet@velmaurisInteger.edu,209061050/8708,12345901,1234569898
FO,KAPITANOVA ANNA,Slavónska,Jánovce,Galanta,Trnavský kraj,"421,921,929,595",sapien@orci.org,787223858/2242,12345902,1234569907
FO,KARAMAN ANDREJ,Sleďová,Jánovce,Poprad,Prešovský kraj,"421,973,655,485",tincidunt.adipiscing@metusfacilisis.edu,179372362/0835,12345903,1234569916
FO,KARASINSKA KATARINA,Sládkovičova,Janovík,Prešov,Prešovský kraj,"421,972,063,283",ipsum.ac@velitSedmalesuada.com,812909772/9004,12345904,1234569925
FO,Karasová Slávka,Slávičie údolie,Jarabá,Brezno,Banskobystrický kraj,"421,919,426,262",turpis.non.enim@nequevenenatislacus.org,927359043/8675,12345905,1234569934
FO,KAROVICOVA MARIA,Smaragdová,Jarabina,Stará Ľubovňa,Prešovský kraj,"421,909,080,701",vitae.semper@ullamcorpernisl.ca,974223452/5592,12345906,1234569943
FO,KLEPOCH JURAJ,Smolenická,Jarok,Nitra,Nitriansky kraj,"421,981,624,829",volutpat@Sed.edu,783833006/5070,12345907,1234569952
FO,KLIMOVA ELEONORA,Sosnová,Jarovnice,Sabinov,Prešovský kraj,"421,999,866,956",magnis.dis.parturient@idnunc.ca,367126869/1936,12345908,1234569961
FO,Klinovská Zlatica,Starhradská,Jasenica,Považská Bystrica,Trenčiansky kraj,"421,991,129,036",pellentesque@Namligula.org,182010958/2883,12345909,1234569970
FO,KOPACIK STANISLAV,Starohájska,Jasenie,Brezno,Banskobystrický kraj,"421,954,835,824",amet.metus@lobortisaugue.org,543357928/1878,12345910,1234569979
FO,KOPASOVA ANNA,Staromestská,Jasenov,Humenné,Prešovský kraj,"421,906,084,906",ac@uterosnon.org,787159070/2798,12345911,1234569988
FO,Koprušáková Monika,Staré grunty,Jasenov,Sobrance,Košický kraj,"421,993,050,609",non@semconsequatnec.edu,527462995/4756,12345912,1234569997
FO,KORENKO VILIAM,Strečnianska,Jasenová,Dolný Kubín,Žilinský kraj,"421,931,436,507",vel.nisl@ProinvelitSed.edu,675363134/6354,12345913,1234570006
FO,Korpášová Andrea,Tematínska,Jasenovce,Vranov nad Topľou,Prešovský kraj,"421,993,859,880",Integer.sem@nequeNullam.ca,382367632/2612,12345914,1234570015
FO,Kotuľáková Jana,Tilgnerova,Jasenové,Žilina,Žilinský kraj,"421,960,790,004",orci.consectetuer@amet.com,260836589/1115,12345915,1234570024
FO,KOVACIKOVA ANETTA,Toplianska,Jasenovo,Turčianske Teplice,Žilinský kraj,"421,939,171,119",nisi.a@magnisdisparturient.edu,689223047/6230,12345916,1234570033
FO,KOVACIKOVA MARIA,Topoľčianska,Jaslovské Bohunice,Trnava,Trnavský kraj,"421,914,754,351",nulla@sed.edu,566788386/6525,12345917,1234570042
FO,KOZAKOVA DANA,Toryská,Jasov,Košice-okolie,Košický kraj,"421,950,104,506",Integer@nuncrisusvarius.edu,446503495/6251,12345918,1234570051
FO,KOZAROVA MARIA,Tupolevova,Jasová,Nové Zámky,Nitriansky kraj,"421,945,895,043",eu.lacus@mollisnoncursus.ca,024329986/8707,12345919,1234570060
FO,KRAJCIOVA MARTINA,Turnianska,Jastrabá,Žiar nad Hronom,Banskobystrický kraj,"421,907,138,739",habitant.morbi.tristique@sagittisNullam.com,472727293/2272,12345920,1234570069
FO,KRAJCOVA JANA,Urpínska,Jastrabie nad Topľou,Vranov nad Topľou,Prešovský kraj,"421,978,219,668",taciti.sociosqu@Aliquamgravidamauris.org,845355508/8987,12345921,1234570078
FO,KRAJNAK VILIAM,Vavilovova,Jastrabie pri Michalovciach,Michalovce,Košický kraj,"421,947,357,328",orci.Donec.nibh@facilisisvitae.edu,675640377/6495,12345922,1234570087
FO,KUBINAKOVA TEKLA,Ventúrska,Jatov,Nové Zámky,Nitriansky kraj,"421,939,403,296",Sed.et@et.ca,728446890/4464,12345923,1234570096
FO,KUBIS VOJTECH,Viedenská cesta,Javorina (vojenský obvod),Kežmarok,Prešovský kraj,"421,983,788,151",nec.diam.Duis@adipiscingelit.edu,344110977/3710,12345924,1234570105
FO,KUBJATKOVA MAGDALENA,Vilová,Jazernica,Turčianske Teplice,Žilinský kraj,"421,920,721,015",vestibulum@estmollisnon.edu,475432616/1850,12345925,1234570114
FO,KUBOVCAKOVA MARIANNA,Vlárska,Jedlinka,Bardejov,Prešovský kraj,"421,910,429,356",leo@ipsumSuspendissesagittis.org,895448980/1898,12345926,1234570123
FO,KUCEROVA ANNA,Vodárenská,Jedľové Kostoľany,Zlaté Moravce,Nitriansky kraj,"421,950,152,369",scelerisque.scelerisque@sodales.com,535630494/7119,12345927,1234570132
FO,KUCEROVA ANNA,Vranovská,Jelenec,Nitra,Nitriansky kraj,"421,913,125,230",luctus.et@gravidanon.ca,827326371/7605,12345928,1234570141
FO,KUDLACOVA MARTINA,Vyšehradská,Jelka,Galanta,Trnavský kraj,"421,954,630,131",faucibus.leo.in@nibhAliquam.org,624609956/3502,12345929,1234570150
FO,KUHNELOVA VIERA,Vážska,Jelšava,Revúca,Banskobystrický kraj,"421,910,593,734",metus@montesnasceturridiculus.ca,083171445/6194,12345930,1234570159
FO,KUCHAR MARIAN,Vígľašská,Jelšovce,Nitra,Nitriansky kraj,"421,925,224,870",tellus@at.ca,261327564/5631,12345931,1234570168
FO,KUCHTOVA KATARINA,Wolkrova,Jelšovec,Lučenec,Banskobystrický kraj,"421,981,416,612",justo.Praesent@mi.edu,367498239/0534,12345932,1234570177
FO,Kukumberg Peter,Zadunajská cesta,Jenkovce,Sobrance,Košický kraj,"421,907,737,090",nunc.sed@senectusetnetus.com,006958661/8465,12345933,1234570186
FO,KUKUMBERG RICHARD,Znievska,Jesenské,Levice,Nitriansky kraj,"421,908,557,462",Aenean.gravida@Phasellusfermentumconvallis.org,921235919/9922,12345934,1234570195
FO,KURCA EGON,Zochova,Jesenské,Rimavská Sobota,Banskobystrický kraj,"421,953,643,621",feugiat.Lorem.ipsum@accumsan.ca,927277337/9136,12345935,1234570204
FO,KURUCOVA EVA,Záporožská,Jestice,Rimavská Sobota,Banskobystrický kraj,"421,952,866,841",ipsum.primis@adipiscingelit.com,320979192/5426,12345936,1234570213
FO,KYCINA MARIAN,Údernícka,Ješkova Ves,Partizánske,Trenčiansky kraj,"421,913,499,925",justo.Proin@pharetra.ca,415634807/5819,12345937,1234570222
FO,KYSELOVA JANA,Čapajevova,Jezersko,Kežmarok,Prešovský kraj,"421,917,917,535",interdum@etrutrum.edu,600063273/0750,12345938,1234570231
FO,KYSELOVA TATIANA,Černyševského,Jovice,Rožňava,Košický kraj,"421,978,673,817",elementum.at.egestas@nisiAeneaneget.org,905279336/6847,12345939,1234570240
FO,LABAJ VLADIMIR,Čiernovodská,Kamanová,Topoľčany,Nitriansky kraj,"421,916,784,954",Pellentesque@lectusasollicitudin.ca,605792802/4442,12345940,1234570249
FO,LACIOVA ANNA,Ľubietovská,Kamenec pod Vtáčnikom,Prievidza,Trenčiansky kraj,"421,903,264,041",erat.vel.pede@velit.com,859359311/1044,12345941,1234570258
FO,LAZAROVA EVA,Ľubovnianska,Kamenica,Sabinov,Prešovský kraj,"421,989,195,363",odio@ligula.com,612198255/2743,12345942,1234570267
FO,LAZAROVA GABRIELA,Šafranová,Kamenica nad Cirochou,Humenné,Prešovský kraj,"421,930,478,411",consectetuer@nibh.org,987406009/5926,12345943,1234570276
FO,LELKOVA MARTA,Šancová,Kamenica nad Hronom,Nové Zámky,Nitriansky kraj,"421,992,797,588",nunc.risus@ipsum.ca,047584706/6982,12345944,1234570285
FO,LESKO JURAJ,Ševčenkova,Kameničany,Ilava,Trenčiansky kraj,"421,942,027,421",mollis@estMauris.com,519948723/8838,12345945,1234570294
FO,LESKO MARIAN,Šintavská,Kameničná,Komárno,Nitriansky kraj,"421,969,417,434",dictum@eu.edu,798069435/3823,12345946,1234570303
FO,LILOVA CHRISTINA,Špieszova,Ladice,Zlaté Moravce,Nitriansky kraj,"421,956,273,694",pede.nec.ante@AeneanmassaInteger.ca,493218417/8951,12345947,1234570312
FO,LINDEROVA KATARINA,Štefanovičova,Ladmovce,Trebišov,Košický kraj,"421,912,355,959",Duis@dapibusid.org,349637518/2035,12345948,1234570321
FO,LIPOVSKY LUBOMIR,Štefánikova,Ladomerská Vieska,Žiar nad Hronom,Banskobystrický kraj,"421,966,786,348",eget@sedsapien.com,663907830/0141,12345949,1234570330
FO,LIPTAKOVA SONA,Šustekova,Ladomirov,Snina,Prešovský kraj,"421,947,354,488",neque@metusAeneansed.com,931444941/2274,12345950,1234570339
FO,LISA IVETA,Šutráková,Ladomirová,Svidník,Prešovský kraj,"421,989,746,404",magna.nec@loremeumetus.org,095451090/0793,12345951,1234570348
FO,LISICKA DANA,Švabinského,Ladzany,Krupina,Banskobystrický kraj,"421,997,090,563",gravida@accumsannequeet.ca,795214639/1896,12345952,1234570357
FO,LISY LUBOMIR,Šášovská,Lakšárska Nová Ves,Senica,Trnavský kraj,"421,993,766,654",nisl@Quisquenonummyipsum.org,918759603/2241,12345953,1234570366
FO,Liška Milan,Zafírová,Lascov,Bardejov,Prešovský kraj,"421,927,503,474",cursus.purus@ipsumleoelementum.edu,248186149/2965,12345954,1234570375
FO,Lojdlová  Anna,Žehrianska,Laskár,Martin,Žilinský kraj,"421,993,192,020",tempor.lorem.eget@conubianostraper.com,873833921/5276,12345955,1234570384
FO,MACAJ MICHAL,Žitavská,Lastomír,Michalovce,Košický kraj,"421,975,282,457",lectus.sit@imperdiet.com,508011402/3747,12345956,1234570393
FO,MACUGA IVAN,Námestia,Lastovce,Trebišov,Košický kraj,"421,971,283,214",sed@Pellentesqueultricies.com,666225063/4036,12345957,1234570402
FO,Máčajová Lívia,Názov námestia,Laškovce,Michalovce,Košický kraj,"421,922,155,807",posuere.at.velit@amet.edu,188954944/1591,12345958,1234570411
FO,MAJDAKOVA JANA,Americké námestie,Látky,Detva,Banskobystrický kraj,"421,961,295,007",nulla.Cras.eu@Aeneanegetmetus.ca,738105877/1287,12345959,1234570420
FO,Majlingová Dana,Daliborovo námestie,Lazany,Prievidza,Trenčiansky kraj,"421,905,440,762",posuere@per.ca,628989878/4288,12345960,1234570429
FO,Mako Miroslav,Daxnerovo námestie,Lazisko,Liptovský Mikuláš,Žilinský kraj,"421,985,115,838",risus.at.fringilla@adipiscingfringillaporttitor.org,703711003/1618,12345961,1234570438
FO,Malá Erika,Dulovo námestie,Lazy pod Makytou,Púchov,Trenčiansky kraj,"421,973,583,537",neque@Donecat.org,421208497/3861,12345962,1234570447
FO,MALANKOVA TEREZIA,Floriánske námestie,Lažany,Prešov,Prešovský kraj,"421,979,709,551",libero.mauris@ut.ca,704691628/8399,12345963,1234570456
FO,MALECOVA MARIA,Františkánske námestie,Lednica,Púchov,Trenčiansky kraj,"421,987,783,418",urna@fermentummetus.com,605899112/2971,12345964,1234570465
FO,MALKOVA MARIA,Hlavné námestie,Lednické Rovne,Púchov,Trenčiansky kraj,"421,940,717,514",amet.risus@orci.edu,700328464/4716,12345965,1234570474
FO,MALYCHIN DMITRIJ,Hodžovo námestie,Legnava,Stará Ľubovňa,Prešovský kraj,"421,961,269,146",nunc.interdum.feugiat@odio.org,690687645/6477,12345966,1234570483
FO,MANIKOVA VIERA,Humenské námestie,Lehnice,Dunajská Streda,Trnavský kraj,"421,946,008,416",et.euismod.et@elit.com,696313427/6022,12345967,1234570492
FO,MARECEK JURAJ,Hurbanovo námestie,Lehota,Nitra,Nitriansky kraj,"421,979,371,084",et.malesuada.fames@Nullainterdum.org,560637543/4109,12345968,1234570501
FO,MARTINIKOVA MARTINA,Hviezdoslavovo námestie,Lehota nad Rimavicou,Rimavská Sobota,Banskobystrický kraj,"421,949,655,125",Donec@Pellentesque.ca,773440414/6488,12345969,1234570510
FO,MARTINKOVA EMILIA,Jakubovo námestie,Lehota pod Vtáčnikom,Prievidza,Trenčiansky kraj,"421,972,956,640",dis.parturient@eros.edu,259584290/5669,12345970,1234570519
FO,Martinková Jana,Jurigovo námestie,Lehôtka,Lučenec,Banskobystrický kraj,"421,981,606,193",nibh.enim.gravida@semsemper.edu,001108833/2373,12345971,1234570528
FO,Martiš Ján,Kamenné námestie,Lehôtka pod Brehmi,Žiar nad Hronom,Banskobystrický kraj,"421,969,107,827",erat.volutpat@tinciduntnibh.ca,848621217/0699,12345972,1234570537
FO,MATEJCIK VIKTOR,Karpatské námestie,Lechnica,Kežmarok,Prešovský kraj,"421,975,915,722",ac.fermentum.vel@Donec.com,656256367/3557,12345973,1234570546
FO,Mäsiar Anton,Kežmarské námestie,Lekárovce,Sobrance,Košický kraj,"421,902,893,594",montes.nascetur@mi.com,881629016/3285,12345974,1234570555
FO,MEDVEDOVA MARTINA,Kmeťovo námestie,Leles,Trebišov,Košický kraj,"421,976,755,515",est.arcu@enim.ca,081987440/0046,12345975,1234570564
FO,MEGO ROMAN,Kollárovo námestie,Leľa,Nové Zámky,Nitriansky kraj,"421,908,282,210",ultrices@dictumsapien.ca,881459266/5566,12345976,1234570573
FO,MEHESOVA SILVIA,Komenského námestie,Lemešany,Prešov,Prešovský kraj,"421,908,281,959",ut.erat@dignissimmagna.org,209059979/7532,12345977,1234570582
FO,Mechír Emil,Ľudové námestie,Lenartov,Bardejov,Prešovský kraj,"421,913,803,995",non.lorem.vitae@nonsollicitudina.edu,542001825/3280,12345978,1234570591
FO,MELICHERIK JURAJ,Malokarpatské námestie,Lenartovce,Rimavská Sobota,Banskobystrický kraj,"421,905,715,807",eu.elit.Nulla@utpellentesqueeget.edu,836508698/2979,12345979,1234570600
FO,MELUCH STEFAN,Mánesovo námestie,Lendak,Kežmarok,Prešovský kraj,"421,933,609,848",vulputate.dui.nec@euplacerateget.com,854270600/7189,12345980,1234570609
FO,Menkyová  Ingrid,Muchovo námestie,Lenka,Rimavská Sobota,Banskobystrický kraj,"421,979,170,228",lorem.tristique@telluseu.org,722620086/0620,12345981,1234570618
FO,MESZAROS MIKLOS,Námestie 1. mája,Lentvora,Lučenec,Banskobystrický kraj,"421,936,358,694",Duis.volutpat.nunc@blandit.org,549338880/6976,12345982,1234570627
FO,MESZAROSOVA DENISA,Námestie 6. apríla,Leopoldov,Hlohovec,Trnavský kraj,"421,919,592,384",erat@gravidanunc.org,948846162/4622,12345983,1234570636
FO,MICUDOVA TATIANA,Námestie Alexandra Dubčeka,Lesenice,Veľký Krtíš,Banskobystrický kraj,"421,910,356,629",pulvinar@Integertinciduntaliquam.org,339535038/4272,12345984,1234570645
FO,Mihál Andrej,Námestie Andreja Hlinku,Lesíček,Prešov,Prešovský kraj,"421,949,856,942",ac.metus.vitae@Nuncullamcorper.edu,241911490/8614,12345985,1234570654
FO,MICHALIK JOZEF,Námestie Biely kríž,Lesné,Michalovce,Košický kraj,"421,966,893,906",aliquet.lobortis@Nunc.org,861184480/8402,12345986,1234570663
FO,MICHALKOVA VIERA,Námestie hraničiarov,Lesnica,Stará Ľubovňa,Prešovský kraj,"421,947,342,740",Vivamus.non@fames.com,354177597/6116,12345987,1234570672
FO,MIKITOVA DARINA,Námestie Jána Kostru,Leštiny,Dolný Kubín,Žilinský kraj,"421,995,967,625",Sed.eu@Crasdolor.edu,102341962/8177,12345988,1234570681
FO,MIKLOSKOVA MARTA,Námestie Jána Pavla II.,Lešť (vojenský obvod),Zvolen,Banskobystrický kraj,"421,903,470,843",placerat@Sed.ca,151284725/5915,12345989,1234570690
FO,Miko František,Námestie Ľudovíta Štúra,Letanovce,Spišská Nová Ves,Košický kraj,"421,958,932,892",ac.nulla@montesnasceturridiculus.com,786848971/3810,12345990,1234570699
FO,MIKULAKOVA MARTINA,Námestie Martina Benku,Letničie,Skalica,Trnavský kraj,"421,942,813,847",aliquam.enim@Quisquenonummy.ca,101873496/2345,12345991,1234570708
FO,MILCOVA MILOSLAVA,Námestie slobody,Leváre,Revúca,Banskobystrický kraj,"421,998,067,556",vel.convallis.in@pedesagittis.edu,905152911/4901,12345992,1234570717
FO,MISCIKOVA JANKA,Námestie SNP,Luhyňa,Trebišov,Košický kraj,"421,995,068,587",dolor.egestas@aliquetmagna.edu,149341369/1030,12345993,1234570726
FO,Mižíková Alica,Námestie sv. Františka,Lúka,Nové Mesto nad Váhom,Trenčiansky kraj,"421,915,623,514",et@Sednecmetus.org,764114165/7848,12345994,1234570735
FO,MLADONICKA MIROSLAVA,Námestie sv. Petra a Pavla,Lukačovce,Humenné,Prešovský kraj,"421,986,067,028",odio.semper.cursus@tellus.ca,988000404/8185,12345995,1234570744
FO,MLICHOVA MARIA,Nobelovo námestie,Lukáčovce,Nitra,Nitriansky kraj,"421,998,308,554",Vivamus.nibh.dolor@ProinmiAliquam.com,095402044/2868,12345996,1234570753
FO,MODRAVA ANDREA,Odborárske námestie,Mokrance,Košice-okolie,Košický kraj,"421,918,294,054",diam.Duis.mi@Nuncsollicitudin.edu,437826706/7117,12345997,1234570762
FO,Modravy Juraj,Ovsištské námestie,Mokroluh,Bardejov,Prešovský kraj,"421,920,488,361",sodales.nisi@velitjustonec.ca,509359314/3457,12345998,1234570771
FO,MODRAVY VILIAM,Papánkovo námestie,Mokrý Háj,Skalica,Trnavský kraj,"421,958,852,935",mattis.Integer.eu@interdumSed.com,876450829/0971,12345999,1234570780
FO,MOCHNACKY MICHAL,Predstaničné námestie,Moldava nad Bodvou,Košice-okolie,Košický kraj,"421,937,828,023",non.nisi.Aenean@ipsumcursusvestibulum.com,643728712/3164,12346000,1234570789
FO,MOKRA BEATA,Primaciálne námestie,Moravany,Michalovce,Košický kraj,"421,900,999,587",Donec@velesttempor.org,598077842/3506,12346001,1234570798
FO,MOKRAN VLADIMIR,Radničné námestie,Moravany nad Váhom,Piešťany,Trnavský kraj,"421,962,115,593",erat.vitae.risus@sedorci.edu,415222750/9471,12346002,1234570807
FO,MOLNAR TIBOR,Rudnayovo námestie,Moravské Lieskové,Nové Mesto nad Váhom,Trenčiansky kraj,"421,941,794,803",Maecenas.mi.felis@tinciduntDonecvitae.org,713359340/1285,12346003,1234570816
FO,MOYS ANTON,Rybné námestie,Moravský Svätý Ján,Senica,Trnavský kraj,"421,908,444,166",Curae;@posuere.org,410585648/9655,12346004,1234570825
FO,MRAZOVA ELENA,Šafárikovo námestie,Most pri Bratislave,Senec,Bratislavský kraj,"421,990,191,509",mattis.semper@ultricessitamet.ca,650467501/1956,12346005,1234570834
FO,Mrázovská Miroslava,Šrobárovo námestie,Mostová,Galanta,Trnavský kraj,"421,964,831,826",amet@utmiDuis.com,968712928/7841,12346006,1234570843
FO,Múdra Jana,Trojičné námestie,Moškovec,Turčianske Teplice,Žilinský kraj,"421,912,438,349",iaculis@Aliquamerat.com,648195799/4754,12346007,1234570852
FO,MUHOVA BEATA,Vlastenecké námestie,Mošovce,Turčianske Teplice,Žilinský kraj,"421,998,247,995",Fusce.aliquet@hendreritid.org,973432010/2404,12346008,1234570861
FO,MUCHOVA JANA,Župné námestie,Moštenica,Banská Bystrica,Banskobystrický kraj,"421,972,565,689",quis@eu.org,273799281/2381,12346009,1234570870
FO,MULLEROVA EMILIA,Amurská,Mošurov,Prešov,Prešovský kraj,"421,959,194,087",faucibus.leo@tellusAeneanegestas.edu,329878602/9331,12346010,1234570879
FO,MURANSKA VALERIA,A. Mráza,Motešice,Trenčín,Trenčiansky kraj,"421,905,662,388",laoreet@Morbiaccumsan.com,456409237/2390,12346011,1234570888
FO,Muránska Zuzana,A. Plávku,Motyčky,Banská Bystrica,Banskobystrický kraj,"421,956,792,393",auctor@Aliquamvulputate.edu,513436735/4215,12346012,1234570897
FO,MURGAS MIROSLAV,Andrusovova,Môlča,Banská Bystrica,Banskobystrický kraj,"421,907,959,905",risus.Morbi@sitametorci.edu,519833408/4908,12346013,1234570906
FO,NABELKOVA ALENA,Anenská,Mrázovce,Stropkov,Prešovský kraj,"421,989,673,130",montes@sem.edu,732737871/2495,12346014,1234570915
FO,NANISTOVA MIRIAM,Anízová,Mučín,Lučenec,Banskobystrický kraj,"421,956,578,547",eu@DuisgravidaPraesent.ca,938193381/7157,12346015,1234570924
FO,NEBESNIKOVA MAGDALENA,Antická,Mudroňovo,Komárno,Nitriansky kraj,"421,925,776,663",feugiat.Lorem@Phasellusfermentum.ca,907084301/6804,12346016,1234570933
FO,NECPALOVA MARTINA,Antolská,Mudrovce,Košice-okolie,Košický kraj,"421,964,384,949",arcu.Vestibulum@tinciduntpede.ca,038998370/2030,12346017,1234570942
FO,NEMCOVICOVA LUBICA,Arménska,Muľa,Veľký Krtíš,Banskobystrický kraj,"421,953,672,929",lacus.Cras.interdum@egestasurna.com,102771741/6956,12346018,1234570951
FO,Nemčíková Ľubomíra,Astronomická,Muráň,Revúca,Banskobystrický kraj,"421,993,773,417",massa@malesuadavel.org,114165544/4271,12346019,1234570960
FO,NEOVESKA VIERA,Astrová,Muránska Dlhá Lúka,Revúca,Banskobystrický kraj,"421,928,028,664",erat.neque@pellentesquemassa.ca,392604721/5390,12346020,1234570969
FO,NESTICKY EMIL,Avarská,Muránska Huta,Revúca,Banskobystrický kraj,"421,916,358,396",nunc@per.edu,559020272/8273,12346021,1234570978
FO,NIKOLOVA IVETA,Azalková,Muránska Lehota,Revúca,Banskobystrický kraj,"421,928,684,875",augue@in.edu,616339365/3035,12346022,1234570987
FO,NOSAL VLADIMIR,Azovská,Muránska Zdychava,Revúca,Banskobystrický kraj,"421,965,433,597",egestas@scelerisque.com,189085675/8885,12346023,1234570996
FO,Novosadová Zuzana,Babuškova,Ohrady,Dunajská Streda,Trnavský kraj,"421,923,544,830",a.nunc.In@purusDuiselementum.com,067894958/3519,12346024,1234571005
FO,NYEKY MIKULAS,Bagarova,Ohradzany,Humenné,Prešovský kraj,"421,990,560,124",non.magna@rutrum.com,050411202/0698,12346025,1234571014
FO,Nyitrayová Klára,Bachova,Ochodnica,Kysucké Nové Mesto,Žilinský kraj,"421,913,428,653",posuere@magnis.edu,176937615/6552,12346026,1234571023
FO,OCKAJAK MARIAN,Bajkalská,Pichne,Snina,Prešovský kraj,"421,993,936,832",Phasellus.dolor@amagna.ca,397598192/2143,12346027,1234571032
FO,Okáľová Katarína,Bajzova,Píla,Pezinok,Bratislavský kraj,"421,993,946,181",Etiam@etnuncQuisque.edu,459341011/4875,12346028,1234571041
FO,ONDREJICKOVA OLGA,Bakošova,Píla,Lučenec,Banskobystrický kraj,"421,999,249,188",molestie.tellus@variuseteuismod.org,440064939/8118,12346029,1234571050
FO,ONDRKALOVA MARTA,Balkánska,Píla,Žarnovica,Banskobystrický kraj,"421,923,102,141",magna.Sed@pellentesque.edu,439963466/8770,12346030,1234571059
FO,Ontko Juraj,Baltská,Pinciná,Lučenec,Banskobystrický kraj,"421,950,041,933",parturient.montes@Classaptent.edu,828673083/6220,12346031,1234571068
FO,ORBANOVA DARINA,Bancíkovej,Pinkovce,Sobrance,Košický kraj,"421,907,994,226",pellentesque@posuerecubiliaCurae;.org,212396795/3200,12346032,1234571077
FO,Oríšek Peter,Banícka,Piskorovce,Vranov nad Topľou,Prešovský kraj,"421,938,880,381",elementum.purus.accumsan@nostra.com,998796982/6135,12346033,1234571086
FO,ORSZAGHOVA EVA,Baničova,Pitelová,Žiar nad Hronom,Banskobystrický kraj,"421,955,887,856",mauris.aliquam.eu@indolorFusce.org,497700923/9908,12346034,1234571095
FO,ORVANOVA PATRICIA,Baníkova,Plášťovce,Levice,Nitriansky kraj,"421,924,499,877",vulputate.risus@vulputate.edu,541550538/5073,12346035,1234571104
FO,OSLACOVA EVA,Banskobystrická,Plavé Vozokany,Levice,Nitriansky kraj,"421,905,138,797",a.tortor@semperNam.com,345699677/6868,12346036,1234571113
FO,OSTRIHONOVA SONA,Banšelova,Plavecké Podhradie,Malacky,Bratislavský kraj,"421,931,238,473",primis.in@lacus.org,158243759/2646,12346037,1234571122
FO,OTRUBOVA VERONIKA,Bardejovská,Plavecký Mikuláš,Malacky,Bratislavský kraj,"421,980,631,792",a@semelitpharetra.org,496139685/6814,12346038,1234571131
FO,PAJOR JAN,Bárdošova,Plavecký Peter,Senica,Trnavský kraj,"421,956,160,583",in.aliquet.lobortis@nullaDonecnon.edu,582264847/2848,12346039,1234571140
FO,PANCAK JAROSLAV,Barónka,Plavecký Štvrtok,Malacky,Bratislavský kraj,"421,923,248,055",viverra.Donec@Proin.ca,774138100/4973,12346040,1234571149
FO,PAPAYOVA MARIANA,Bartókova,Plaveč,Stará Ľubovňa,Prešovský kraj,"421,931,827,398",fermentum.vel.mauris@vulputatevelit.com,431687409/1486,12346041,1234571158
FO,PAPINCAKOVA BEATA,Bartoňova,Plavnica,Stará Ľubovňa,Prešovský kraj,"421,925,085,318",lacus.Ut.nec@facilisisegetipsum.org,204681423/8158,12346042,1234571167
FO,PAPIREK MARTIN,Bartoškova,Plechotice,Trebišov,Košický kraj,"421,939,878,197",Ut.semper@tristique.org,107832249/0131,12346043,1234571176
FO,PASTIERIKOVA MIRIAM,Baštová,Pleš,Lučenec,Banskobystrický kraj,"421,913,995,146",Lorem.ipsum.dolor@metussitamet.ca,156918065/9891,12346044,1234571185
FO,PATUSOVA DAGMAR,Batkova,Plešivec,Rožňava,Košický kraj,"421,971,706,105",nec.ante.Maecenas@volutpatNulla.org,273765733/0665,12346045,1234571194
FO,PAUCOVA MAGDALENA,Bazalková,Plevník-Drienové,Považská Bystrica,Trenčiansky kraj,"421,905,741,870",Maecenas.ornare.egestas@mollis.edu,577888358/5381,12346046,1234571203
FO,PAULINI MILAN,Bazová,Pliešovce,Zvolen,Banskobystrický kraj,"421,912,030,747",mollis.nec.cursus@Quisqueliberolacus.org,870892529/1775,12346047,1234571212
FO,PAVLICKOVA MARIA,Bazovského,Ploské,Revúca,Banskobystrický kraj,"421,978,364,422",Aliquam.erat.volutpat@dis.com,171836505/4899,12346048,1234571221
FO,PAVLIK VLADIMIR,Bažantia,Ploské,Košice-okolie,Košický kraj,"421,990,620,841",Aenean@ultriciessemmagna.com,742561369/2855,12346049,1234571230
FO,PAVLIKOVA MICHAELA,Bebravská,Pobedim,Nové Mesto nad Váhom,Trenčiansky kraj,"421,978,164,847",quis.pede@Nulla.edu,873534343/6186,12346050,1234571239
FO,PAYEROVA JAROSLAVA,Belinského,Pohranice,Nitra,Nitriansky kraj,"421,901,366,372",libero.et@ipsum.ca,635622158/7614,12346051,1234571248
FO,PAZMANYOVA HEDVIGA,Bernolákova,Pohronská Polhora,Brezno,Banskobystrický kraj,"421,934,707,588",sodales@Proinnonmassa.edu,643191927/2707,12346052,1234571257
FO,PECAROVA MARTA,Betliarska,Pohronský Bukovec,Banská Bystrica,Banskobystrický kraj,"421,925,207,311",mollis@nullaIn.edu,168935292/5130,12346053,1234571266
FO,Pechlivanov Emil,Bezručova,Pohronský Ruskov,Levice,Nitriansky kraj,"421,915,214,652",tristique.pharetra.Quisque@nonjustoProin.edu,007143585/5948,12346054,1234571275
FO,PEKAROVICOVA MARIA,Beňadická,Pochabany,Bánovce nad Bebravou,Trenčiansky kraj,"421,989,950,203",Nam@Inornaresagittis.edu,676747437/7906,12346055,1234571284
FO,PENER VLADIMIR,Bieloruská,Pokryváč,Dolný Kubín,Žilinský kraj,"421,972,543,796",Nullam.velit.dui@est.org,158468530/0668,12346056,1234571293
FO,Pergerová Miriam,Blagoevova,Poliakovce,Bardejov,Prešovský kraj,"421,907,269,159",lorem.fringilla.ornare@nec.edu,218705462/9363,12346057,1234571302
FO,PERICHTOVA MAGDALENA,Bodvianska,Polianka,Myjava,Trenčiansky kraj,"421,946,796,422",eu.enim.Etiam@vitaerisusDuis.edu,132104688/2736,12346058,1234571311
FO,PETRASKOVA EVA,Bohrova,Polichno,Lučenec,Banskobystrický kraj,"421,971,526,599",nonummy@feugiat.ca,832425602/6563,12346059,1234571320
FO,Petro Ján,Bosákova,Polina,Revúca,Banskobystrický kraj,"421,984,054,411",Aliquam.fringilla@nequevenenatis.edu,767498829/8667,12346060,1234571329
FO,Petrová Magdaléna,Boskovičova,Poloma,Sabinov,Prešovský kraj,"421,942,024,849",odio@sitamet.edu,595953387/5345,12346061,1234571338
FO,PETROVICOVA ANDREA,Bottova,Polomka,Brezno,Banskobystrický kraj,"421,970,249,089",viverra.Maecenas@Pellentesqueut.org,501249913/9011,12346062,1234571347
FO,PILCOVA OLGA,Bradáčova,Poltár,Poltár,Banskobystrický kraj,"421,986,147,678",molestie.in.tempus@urnajustofaucibus.edu,007683532/1659,12346063,1234571356
FO,PILKOVA ROZALIA,Brančská,Poluvsie,Prievidza,Trenčiansky kraj,"421,985,796,408",nunc.ac.mattis@duiinsodales.ca,303769872/3724,12346064,1234571365
FO,PIVOLUSKA MILAN,Bratská,Poľanovce,Levoča,Prešovský kraj,"421,951,237,198",ipsum.dolor@Proinvel.org,014225301/1374,12346065,1234571374
FO,PLAVA ERIKA,Budatínska,Poľany,Trebišov,Košický kraj,"421,955,497,344",interdum@enimsitamet.ca,690194222/8216,12346066,1234571383
FO,POBIECKA ALENA,Bulharská,Poľný Kesov,Nitra,Nitriansky kraj,"421,972,750,273",Donec.felis@acfacilisis.com,543794847/0901,12346067,1234571392
FO,POCZIK GABOR,Bulíkova,Ražňany,Sabinov,Prešovský kraj,"421,903,930,494",eu.dui@mifelisadipiscing.edu,024861772/6249,12346068,1234571401
FO,PODHORANSKA DASA,Bylinková,Reca,Senec,Bratislavský kraj,"421,900,939,757",tempus.non@odio.ca,431696033/9713,12346069,1234571410
FO,POKORNA ALEXANDRA,Bzovícka,Regetovka,Bardejov,Prešovský kraj,"421,965,428,457",faucibus.id.libero@Morbi.edu,422533781/3981,12346070,1234571419
FO,POLACKOVA MARCELA,Chalupkova,Rejdová,Rožňava,Košický kraj,"421,973,864,964",aliquet@mauris.com,253748064/0353,12346071,1234571428
FO,POLEK PAVOL,Cintorínska,Reľov,Kežmarok,Prešovský kraj,"421,954,364,918",dapibus@Donec.ca,740985100/5384,12346072,1234571437
FO,Poliak Dušan,Cyprichova,Remeniny,Vranov nad Topľou,Prešovský kraj,"421,903,184,813",non.ante@posuere.edu,524437974/4640,12346073,1234571446
FO,POLJAKOVA JULIA,Dargovská,Remetské Hámre,Sobrance,Košický kraj,"421,958,231,885",nisl.sem@nibhlacinia.edu,044571080/8419,12346074,1234571455
FO,POLKOVA MARIANNA,Diamantová,Renčišov,Sabinov,Prešovský kraj,"421,967,336,467",Duis@vestibulumneque.com,572328562/8316,12346075,1234571464
FO,Pólya Tibor,Dolnozemská,Repejov,Medzilaborce,Prešovský kraj,"421,976,447,021",tempor.erat@facilisisvitae.org,862263719/4293,12346076,1234571473
FO,POPRAC MILOS,Donnerova,Repište,Žiar nad Hronom,Banskobystrický kraj,"421,982,227,434",Nunc.laoreet.lectus@feugiatmetussit.ca,287472106/4811,12346077,1234571482
FO,POPRACOVA ANNA,Dopravna,Rešica,Košice-okolie,Košický kraj,"421,935,075,839",odio@maurisSuspendissealiquet.edu,399387849/9416,12346078,1234571491
FO,PORUBEC VILIAM,Drotárska,Rešov,Bardejov,Prešovský kraj,"421,933,749,661",consectetuer.rhoncus.Nullam@orciluctus.ca,037589661/7646,12346079,1234571500
FO,Porubský Ján,Dubnická (Bratislava)Dubnická,Revúca,Revúca,Banskobystrický kraj,"421,946,564,815",Vestibulum.ante@eros.org,935389283/1525,12346080,1234571509
FO,POTHE IMRICH,Dudova,Revúcka Lehota,Revúca,Banskobystrický kraj,"421,959,601,039",ligula.Aenean@nisiAenean.org,519780055/8425,12346081,1234571518
FO,Prídavok Martin,Einsteinova,Riečka,Banská Bystrica,Banskobystrický kraj,"421,944,162,637",Duis@nislMaecenas.com,601160424/2160,12346082,1234571527
FO,PRIPUTNIKOVA JANA,Eisnerova,Riečka,Rimavská Sobota,Banskobystrický kraj,"421,901,698,285",Ut@tempuslorem.ca,486632839/6391,12346083,1234571536
FO,PRISCAKOVA DENISA,Fadejevova,Richnava,Gelnica,Košický kraj,"421,909,404,956",scelerisque.dui@dictum.com,886033144/7599,12346084,1234571545
FO,PRISTASOVA EVA,Farského,Richvald,Bardejov,Prešovský kraj,"421,947,980,096",dui.nec.tempus@egetvariusultrices.com,021635402/8201,12346085,1234571554
FO,PROCHAZKA MILOSLAV,Fedinova,Rimavská Baňa,Rimavská Sobota,Banskobystrický kraj,"421,918,787,782",sit.amet.ornare@lectus.ca,174183954/2957,12346086,1234571563
FO,PROCHAZKOVA LUBICA,Fedákova,Rimavská Seč,Rimavská Sobota,Banskobystrický kraj,"421,971,166,536",risus.varius@vitaesodales.edu,423323530/9859,12346087,1234571572
FO,PSOTNA HELENA,Figová,Rimavská Sobota,Rimavská Sobota,Banskobystrický kraj,"421,960,943,121",Nunc.sed.orci@ipsumSuspendissesagittis.com,141252904/8334,12346088,1234571581
FO,Račková Zuzana,Furdekova,Rimavské Brezovo,Rimavská Sobota,Banskobystrický kraj,"421,980,429,131",Integer.aliquam.adipiscing@Sedidrisus.org,753337661/8071,12346089,1234571590
FO,RAISOVA MARIA,Gajova,Rimavské Janovce,Rimavská Sobota,Banskobystrický kraj,"421,906,247,857",libero.lacus@velfaucibusid.edu,060651064/6946,12346090,1234571599
FO,RAKICKY JOZEF,Gallayova,Rimavské Zalužany,Rimavská Sobota,Banskobystrický kraj,"421,986,969,863",dolor@tempusscelerisque.org,320768301/6773,12346091,1234571608
FO,RASOCHOVA MICHAELA,Gercenova,Rišňovce,Nitra,Nitriansky kraj,"421,944,460,533",Phasellus.at.augue@gravida.ca,853574271/7914,12346092,1234571617
FO,RATTAJ JULIUS,Gessayova,Rohov,Senica,Trnavský kraj,"421,964,824,794",et@in.com,374748045/7287,12346093,1234571626
FO,Rekeňová Oľga,Gettingova,Rohovce,Dunajská Streda,Trnavský kraj,"421,936,883,328",Mauris@estMauris.ca,445183719/4611,12346094,1234571635
FO,REMECKY TOMAS,Gogoľova,Rohožník,Malacky,Bratislavský kraj,"421,935,085,623",lorem.fringilla.ornare@neque.edu,790834671/0615,12346095,1234571644
FO,RENTKA MIROSLAV,Goralská,Rohožník,Humenné,Prešovský kraj,"421,937,330,799",ac.risus@Pellentesque.edu,197062414/2514,12346096,1234571653
FO,REPASKA IVETA,Gorkého,Rochovce,Rožňava,Košický kraj,"421,922,469,710",arcu.vel@lacuspedesagittis.edu,460687596/8326,12346097,1234571662
FO,Reviľák Juraj,Grösslingová,Rokycany,Prešov,Prešovský kraj,"421,965,146,529",ac.arcu.Nunc@eteuismodet.edu,532794674/2994,12346098,1234571671
FO,RICHTER DENIS,Haanova,Rokytov,Bardejov,Prešovský kraj,"421,922,404,628",dui@sagittisfelisDonec.com,329564170/9459,12346099,1234571680
FO,RISNOVSKY RICHARD,Handlovská,Rokytov pri Humennom,Humenné,Prešovský kraj,"421,932,912,564",litora@auctornonfeugiat.edu,143318746/6824,12346100,1234571689
FO,ROHONOVA VALERIA,Harmanecká,Rokytovce,Medzilaborce,Prešovský kraj,"421,985,977,102",libero@placeratvelitQuisque.com,353206591/2339,12346101,1234571698
FO,RONDIKOVA DRAHOSLAVA,Harmincova,Rosina,Žilina,Žilinský kraj,"421,916,068,388",mauris.rhoncus@odiosagittis.org,334925459/5470,12346102,1234571707
FO,ROSENBERGEROVA TEREZIA,Hlaváčikova,Roškovce,Medzilaborce,Prešovský kraj,"421,943,576,435",sagittis@vitaemaurissit.com,049382915/9809,12346103,1234571716
FO,ROSIPALOVA DANA,Holubyho,Roštár,Rožňava,Košický kraj,"421,986,229,489",lorem@dapibus.com,933326676/9204,12346104,1234571725
FO,ROZLOZNIKOVA EVA,Holíčska,Rovensko,Senica,Trnavský kraj,"421,970,886,321",tincidunt@necluctus.com,269970364/2843,12346105,1234571734
FO,ROZPRAVKOVA EVA,Horná,Rovinka,Senec,Bratislavský kraj,"421,976,090,952",vehicula@dolordapibusgravida.com,441531865/1318,12346106,1234571743
FO,Rudinská Lenka,Hriňovská,Rovné,Rimavská Sobota,Banskobystrický kraj,"421,975,660,479",Sed@lorem.org,001153853/5671,12346107,1234571752
FO,RUDINSKY BRUNO,Hrobákova,Rovné,Humenné,Prešovský kraj,"421,943,198,958",Praesent.interdum.ligula@euaugueporttitor.ca,090434959/2789,12346108,1234571761
FO,Rusčák Ján,Hrobárska,Rovné,Svidník,Prešovský kraj,"421,999,583,240",sagittis.felis.Donec@Donecest.com,293483595/1336,12346109,1234571770
FO,RUZINSKA IVETA,Hviezdoslavova,Rovňany,Poltár,Banskobystrický kraj,"421,970,726,167",pellentesque@nonmagna.com,682493408/7472,12346110,1234571779
FO,RYNIK ADRIAN,Hálova,Rozhanovce,Košice-okolie,Košický kraj,"421,951,190,095",a.auctor.non@facilisisegetipsum.com,400292137/0729,12346111,1234571788
FO,SABO JAN,Iľjušinova,Rozložná,Rožňava,Košický kraj,"421,988,852,559",vel.turpis.Aliquam@tellus.ca,232599424/4584,12346112,1234571797
FO,SABOL GUSTAV,Janka Kráľa,Roztoky,Svidník,Prešovský kraj,"421,908,561,083",metus@euismodac.com,368192195/1174,12346113,1234571806
FO,Sabolová Ingrid,Jankolova,Rožkovany,Sabinov,Prešovský kraj,"421,922,256,135",bibendum.ullamcorper@torquent.org,871164499/4947,12346114,1234571815
FO,Sabová Mariana,Jantárová cesta,Rožňava,Rožňava,Košický kraj,"421,994,633,629",elementum@Sed.ca,483236818/7496,12346115,1234571824
FO,SAFCAK VLADIMIR,Jarná,Rožňavské Bystré,Rožňava,Košický kraj,"421,909,103,336",lobortis.quis.pede@loremacrisus.com,008757468/1131,12346116,1234571833
FO,SAFFOVA ANNA,Jaroslavova,Rúbaň,Nové Zámky,Nitriansky kraj,"421,949,575,511",vestibulum.Mauris.magna@liberoestcongue.org,081555388/6568,12346117,1234571842
FO,SAFKO STEFAN,Jaskový rad,Rudina,Kysucké Nové Mesto,Žilinský kraj,"421,916,524,615",ante.iaculis.nec@Aliquamauctorvelit.edu,343213391/8765,12346118,1234571851
FO,Sakmarová Erika,Jasovská,Rudinka,Kysucké Nové Mesto,Žilinský kraj,"421,999,924,329",Nullam@litoratorquent.ca,686007812/3761,12346119,1234571860
FO,SALATOVA DANIELA,Javorinská,Rudinská,Kysucké Nové Mesto,Žilinský kraj,"421,938,653,719",Praesent@turpisAliquam.edu,537220653/7977,12346120,1234571869
FO,SALING MARIAN,Jašíkova,Rudlov,Vranov nad Topľou,Prešovský kraj,"421,927,029,028",ante@nibh.org,064711581/5697,12346121,1234571878
FO,SAMSON JOZEF,Jelačičova,Rudná,Rožňava,Košický kraj,"421,932,061,448",eu.metus.In@idante.ca,934550922/1297,12346122,1234571887
FO,SANIOVA BEATA,Jesenského,Rudnianska Lehota,Prievidza,Trenčiansky kraj,"421,967,389,659",penatibus.et.magnis@nonegestasa.com,666337984/1000,12346123,1234571896
FO,Sárkányová Sylvia,Jiráskova,Rudník,Myjava,Trenčiansky kraj,"421,927,673,003",in.felis.Nulla@Aliquamadipiscinglobortis.edu,256235571/0803,12346124,1234571905
FO,SEBOOVA JUDITA,Jungmannova,Rudník,Košice-okolie,Košický kraj,"421,980,698,271",tristique@Donecatarcu.org,026992666/0468,12346125,1234571914
FO,SEDIVY ONDREJ,Jégého,Rudno,Turčianske Teplice,Žilinský kraj,"421,962,676,853",Cras.vulputate@nibhlacinia.edu,979971543/8986,12346126,1234571923
FO,SEDLAK MILOSLAV,Kapicova,Rudno nad Hronom,Žarnovica,Banskobystrický kraj,"421,918,939,735",tempor.augue.ac@arcuSedeu.com,194125484/4100,12346127,1234571932
FO,SEDLAKOVA ENIKO,Kapucínska,Rudňany,Spišská Nová Ves,Košický kraj,"421,991,178,894",tellus.justo@vulputateullamcorper.ca,705395194/9003,12346128,1234571941
FO,Sedláková Milica,Karadžičova,Rumanová,Nitra,Nitriansky kraj,"421,909,371,561",montes.nascetur.ridiculus@NuncmaurisMorbi.edu,383254296/5413,12346129,1234571950
FO,SERDAHELY VLASTIMIL,Karola Adlera,Rumince,Rimavská Sobota,Banskobystrický kraj,"421,964,928,949",Vestibulum.ante@anteNuncmauris.org,955062116/1680,12346130,1234571959
FO,SEVCIKOVA SONA,Kaukazská,Runina,Snina,Prešovský kraj,"421,931,041,045",eu.nibh.vulputate@Vivamus.org,170114057/6096,12346131,1234571968
FO,SCHMOTZER RICHARD,Klariská,Ruská,Michalovce,Košický kraj,"421,998,529,278",fringilla.euismod@quamPellentesquehabitant.com,640780230/9610,12346132,1234571977
FO,Siebertová Ivona,Klokočova,Ruská Bystrá,Sobrance,Košický kraj,"421,940,207,627",Morbi@atnisiCum.ca,227039830/9814,12346133,1234571986
FO,SIMASKOVA IVANA,Kolmá,Ruská Kajňa,Humenné,Prešovský kraj,"421,950,996,872",sagittis@semPellentesque.org,584541059/9522,12346134,1234571995
FO,SINGLIAROVA MARIA,Kopčianska,Ruská Nová Ves,Prešov,Prešovský kraj,"421,993,478,980",hendrerit.Donec.porttitor@neccursusa.com,618821192/4808,12346135,1234572004
FO,Sivák Štefan,Kočánkova,Ruská Poruba,Humenné,Prešovský kraj,"421,974,123,733",ac.urna@Donec.com,906152908/3199,12346136,1234572013
FO,Siviček Jozef,Krasovského,Ruská Volová,Snina,Prešovský kraj,"421,932,718,643",ullamcorper.nisl@lorem.com,184311509/7107,12346137,1234572022
FO,Skalka Jozef,Kremnická,Ruská Voľa,Vranov nad Topľou,Prešovský kraj,"421,917,021,872",enim@dui.com,455435507/0260,12346138,1234572031
FO,SKALSKA DAGMAR,Krupinská,Ruská Voľa nad Popradom,Stará Ľubovňa,Prešovský kraj,"421,964,617,934",turpis@et.com,102093847/9539,12346139,1234572040
FO,SKICKA LUBOS,Krupkova,Ruskov,Košice-okolie,Košický kraj,"421,948,662,842",tempor@Suspendisse.ca,401575030/3953,12346140,1234572049
FO,SLADKOVA JANA,Krymská (Bratislava)Krymská,Ruskovce,Bánovce nad Bebravou,Trenčiansky kraj,"421,921,865,512",luctus.vulputate@fringilla.com,656367398/3268,12346141,1234572058
FO,SLAMKOVA HELENA,Krásnohorská,Ruskovce,Sobrance,Košický kraj,"421,930,485,972",lobortis.quis@semper.edu,063368474/2356,12346142,1234572067
FO,SLIZ MIROSLAV,Krátka,Ruský Hrabovec,Sobrance,Košický kraj,"421,926,224,433",sit@massaQuisqueporttitor.edu,395931594/1780,12346143,1234572076
FO,SLOSAROVA MARTA,Kubínska,Ruský Potok,Snina,Prešovský kraj,"421,952,345,650",a.dui@sit.com,523204847/5322,12346144,1234572085
FO,Smiešková Alena,Kutlíkova,Ružiná,Lučenec,Banskobystrický kraj,"421,962,474,737",in.cursus.et@sapien.edu,746209159/4744,12346145,1234572094
FO,SMIKOVA RENATA,Ladzianskeho,Stará Turá,Nové Mesto nad Váhom,Trenčiansky kraj,"421,941,173,697",lectus@tinciduntdui.org,251067309/3487,12346146,1234572103
FO,SMISEK MIROSLAV,Lachova,Stará Voda,Gelnica,Košický kraj,"421,997,521,255",aliquet.nec.imperdiet@egetipsum.org,241478931/0336,12346147,1234572112
FO,STETINOVA TAMARA,Lamačská cesta,Staré,Michalovce,Košický kraj,"421,931,954,375",egestas@accumsan.ca,283626247/9209,12346148,1234572121
FO,Subotič Mirko,Laurinská,Staré Hory,Banská Bystrica,Banskobystrický kraj,"421,924,180,156",nisl.Nulla@luctusvulputatenisi.com,234116521/2115,12346149,1234572130
FO,SUDZINA RUDOLF,Lenardova,Starina,Stará Ľubovňa,Prešovský kraj,"421,978,616,925",consectetuer.euismod@placerataugueSed.edu,318671418/7701,12346150,1234572139
FO,SUDZINOVA SILVIA,Levočská,Starý Hrádok,Levice,Nitriansky kraj,"421,903,300,652",dictum.magna@Nuncpulvinar.edu,404596947/0123,12346151,1234572148
FO,SZIKOROVA ILDIKO,Lietavská,Starý Tekov,Levice,Nitriansky kraj,"421,977,060,856",blandit.enim.consequat@placerataugue.ca,245408595/2094,12346152,1234572157
FO,SZILASIOVA JARMILA,Líščie údolie,Staškov,Čadca,Žilinský kraj,"421,909,731,765",facilisis.lorem.tristique@Quisque.edu,861986921/9904,12346153,1234572166
FO,SZILASSYOVA ADRIANA,M. C. Sklodowskej,Staškovce,Stropkov,Prešovský kraj,"421,969,461,142",varius.orci.in@non.edu,615958402/4974,12346154,1234572175
FO,SZUCSOVA MARIA,Macharova,Stebnícka Huta,Bardejov,Prešovský kraj,"421,905,633,720",interdum@pellentesquetellussem.edu,404343063/9232,12346155,1234572184
FO,Šimanská Gabriela,Mamateyova,Stebník,Bardejov,Prešovský kraj,"421,975,105,800",luctus.lobortis@et.org,431478527/1012,12346156,1234572193
FO,Šimovičová Katarína,Mariánska,Stožok,Detva,Banskobystrický kraj,"421,903,644,601",magna.Phasellus.dolor@egetdictumplacerat.com,361005159/6903,12346157,1234572202
FO,Štefančíková Zdena,Markova,Stráne pod Tatrami,Kežmarok,Prešovský kraj,"421,997,377,039",fringilla@pedenonummyut.ca,205620944/6209,12346158,1234572211
FO,Štofko Juraj,Martinengova,Stránska,Rimavská Sobota,Banskobystrický kraj,"421,924,119,145",ante.Maecenas.mi@congue.edu,010233854/9155,12346159,1234572220
FO,Švaleková Antónia,Michalská,Stránske,Žilina,Žilinský kraj,"421,921,946,910",ac.mattis.ornare@lobortis.ca,124157113/4128,12346160,1234572229
FO,TAKATSOVA GEORGINA,Mierová,Stráňany,Stará Ľubovňa,Prešovský kraj,"421,929,549,880",senectus.et.netus@est.com,690680882/2117,12346161,1234572238
FO,TALIGOVA LUBICA,Mikuláša Schneidra-Trnavského,Stráňavy,Žilina,Žilinský kraj,"421,993,664,973",ut.nulla@dui.com,609160401/9731,12346162,1234572247
FO,TAMASKOVICOVA JANA,Miletičova,Stratená,Rožňava,Košický kraj,"421,995,503,709",posuere@Loremipsumdolor.ca,082368265/1740,12346163,1234572256
FO,TEPLY IVAN,Mladej gardy,Stráža,Žilina,Žilinský kraj,"421,978,222,169",sed.orci.lobortis@cursusvestibulumMauris.com,072158240/8449,12346164,1234572265
FO,TIMAROVA GABRIELA,Mlynarovičova,Strážne,Trebišov,Košický kraj,"421,930,694,659",risus.Quisque.libero@orciUtsemper.ca,646957881/4741,12346165,1234572274
FO,TIMKO DALIBOR,Mlynské Nivy,Strážske,Michalovce,Košický kraj,"421,986,686,368",Sed.et@ligulaAeneaneuismod.ca,258759471/9633,12346166,1234572283
FO,TIRPAKOVA KVETOSLAVA,Májová,Vrbové,Piešťany,Trnavský kraj,"421,972,836,133",pellentesque@dui.ca,628014584/0628,12346167,1234572292
FO,TKACIK VLADIMIR,Márie Medveďovej,Vrbovka,Veľký Krtíš,Banskobystrický kraj,"421,975,443,300",lobortis@egestasSed.org,765178766/3601,12346168,1234572301
FO,TKACOVA JANA,Mýtna,Vrchteplá,Považská Bystrica,Trenčiansky kraj,"421,907,527,245",vitae.aliquam@accumsanlaoreetipsum.org,707043324/5693,12346169,1234572310
FO,TOBOLOVA DAGMAR,Na jarku,Vrícko,Martin,Žilinský kraj,"421,996,554,209",lorem.ipsum@ac.org,190388040/8374,12346170,1234572319
FO,TOCIK KAROL,Nábrežná,Vršatské Podhradie,Ilava,Trenčiansky kraj,"421,934,929,904",ac@iaculisquispede.com,901018099/5227,12346171,1234572328
FO,Točíková Ester,Nitrianska,Vrútky,Martin,Žilinský kraj,"421,937,022,098",eleifend.vitae@lacinia.com,674615519/4098,12346172,1234572337
FO,TOMASOVA ANDREA,Novobanská,Vtáčkovce,Košice-okolie,Košický kraj,"421,961,536,975",ac@semperauctor.edu,072721831/0229,12346173,1234572346
FO,TOMEK KAROL,Obchodná,Výborná,Kežmarok,Prešovský kraj,"421,969,922,203",rhoncus.Nullam@nequevitae.edu,182359105/2614,12346174,1234572355
FO,TOMUS TICHOMIR,Okrajová (Bratislava)Okrajová,Výčapy-Opatovce,Nitra,Nitriansky kraj,"421,997,150,866",ac@Fuscealiquet.ca,655545363/6810,12346175,1234572364
FO,Tormašiová Mária,Oleandrová,Vydrany,Dunajská Streda,Trnavský kraj,"421,988,200,899",Sed@mauris.org,022323147/7388,12346176,1234572373
FO,TOTHOVA MARIA,Ondavská,Vydrná,Púchov,Trenčiansky kraj,"421,975,916,898",erat.Etiam@nisiAeneaneget.org,814961516/9606,12346177,1234572382
FO,Tóthová Zuzana,Opálová,Vydrník,Poprad,Prešovský kraj,"421,903,211,194",lobortis@aliquam.ca,075275498/6301,12346178,1234572391
FO,TRAJCIKOVA DAGMAR,Osijecká,Vyhne,Žiar nad Hronom,Banskobystrický kraj,"421,942,268,917",tempor@netuset.org,075953003/7189,12346179,1234572400
FO,TRAUBNER PAVEL,Osuského,Východná,Liptovský Mikuláš,Žilinský kraj,"421,900,417,550",consectetuer.euismod@ante.edu,885956608/3623,12346180,1234572409
FO,TROSCAK MICHAL,Očovská,Výrava,Medzilaborce,Prešovský kraj,"421,924,434,956",ut.odio@eratvel.edu,596516365/8069,12346181,1234572418
FO,TRPISOVA MARIA,Pajštúnska,Vysočany,Bánovce nad Bebravou,Trenčiansky kraj,"421,975,872,987",at@Praesent.org,330229188/7548,12346182,1234572427
FO,TULEJOVA NADEZDA,Palisády,Vysoká,Banská Štiavnica,Banskobystrický kraj,"421,993,844,199",aliquet.diam@Fuscedolorquam.ca,384510575/7483,12346183,1234572436
FO,TULINSKA KATARINA,Palkovičova (Bratislava)Palkovičova,Vysoká,Sabinov,Prešovský kraj,"421,944,527,375",Aliquam@arcuSed.ca,073667070/3622,12346184,1234572445
FO,TURCANI PETER,Panenská,Žarnovica,Žarnovica,Banskobystrický kraj,"421,966,133,061",rhoncus.id@varius.edu,497970726/8326,12346185,1234572454
FO,TVAROZKOVA LUDMILA,Pankúchova,Žaškov,Dolný Kubín,Žilinský kraj,"421,977,077,423",Fusce.diam.nunc@inmolestietortor.org,890720467/1478,12346186,1234572463
FO,UHNAVY PETER,Panská,Žbince,Michalovce,Košický kraj,"421,975,074,735",libero@ullamcorpervelit.ca,415730610/4277,12346187,1234572472
FO,UNCOVSKA EVA,Panónska cesta,Ždaňa,Košice-okolie,Košický kraj,"421,918,059,739",eros.Nam@lacusQuisque.com,860129036/3410,12346188,1234572481
FO,Urbán Karol,Partizánska,Ždiar,Poprad,Prešovský kraj,"421,917,163,913",Donec.porttitor@tellus.edu,134929076/4835,12346189,1234572490
FO,Urbanová Tatiana,Pekníkova,Žehňa,Prešov,Prešovský kraj,"421,916,783,874",dignissim.magna@in.org,878556258/5588,12346190,1234572499
FO,URBANOVA ZUZANA,Pečnianska,Žehra,Spišská Nová Ves,Košický kraj,"421,988,063,234",magnis.dis.parturient@hendrerita.edu,222323773/9636,12346191,1234572508
FO,Ursínyová Terézia,Pifflova,Železná Breznica,Zvolen,Banskobystrický kraj,"421,905,206,463",convallis@Nunc.com,384642428/0806,12346192,1234572517
FO,VAHOVA BEATA,Planckova,Železník,Svidník,Prešovský kraj,"421,957,723,514",sed@Donecporttitor.ca,651543777/0047,12346193,1234572526
FO,Vachaľová Ivana,Pobrežná (Bratislava)Pobrežná,Želiezovce,Levice,Nitriansky kraj,"421,942,243,395",dui.augue@odioauctorvitae.edu,434707554/9791,12346194,1234572535
FO,VAJDA EMOKE,Pod Glavicou,Želmanovce,Svidník,Prešovský kraj,"421,920,234,802",vehicula@luctuslobortisClass.ca,600767383/7115,12346195,1234572544
FO,VAJDA PAVOL,Pod krížom,Želovce,Veľký Krtíš,Banskobystrický kraj,"421,906,555,988",sodales.Mauris@lobortis.org,816380637/7132,12346196,1234572553
FO,VIOLA PAVOL,Poloreckého,Žemberovce,Levice,Nitriansky kraj,"421,959,650,952",amet@libero.com,630556654/2370,12346197,1234572562
FO,VIRCIK LUDOVIT,Pri pasienku,Žemliare,Levice,Nitriansky kraj,"421,927,045,010",Proin.dolor.Nulla@Donec.org,752801964/8611,12346198,1234572571
FO,Vištanová Renáta,Pri Starom háji,Žiar,Liptovský Mikuláš,Žilinský kraj,"421,946,883,380",risus.at.fringilla@afelisullamcorper.edu,483709015/5711,12346199,1234572580
FO,Vitkovičová Anna,Pri seči,Žiar,Revúca,Banskobystrický kraj,"421,923,156,326",ultricies.ornare.elit@IntegermollisInteger.ca,135942460/5701,12346200,1234572589
FO,Vladárová Danica,Pri šanci,Žiar nad Hronom,Žiar nad Hronom,Banskobystrický kraj,"421,948,994,462",Integer@Integermollis.edu,188302139/2303,12346201,1234572598
FO,VLCKOVA EMILIA,Pribinova,Žibritov,Krupina,Banskobystrický kraj,"421,948,089,211",lacus.Quisque.imperdiet@etpede.com,861983332/7674,12346202,1234572607
FO,WEISSOVA OLGA,Prokofievova,Žihárec,Šaľa,Nitriansky kraj,"421,938,247,637",eget.venenatis@risus.edu,621633516/6380,12346203,1234572616
FO,WINKLEROVA MARTA,Prokopova,Žikava,Zlaté Moravce,Nitriansky kraj,"421,942,653,143",lacus.Aliquam.rutrum@Maurisquis.com,313441061/8952,12346204,1234572625
FO,WOLFOVA EVA,Radlinského,Žilina,Žilina,Žilinský kraj,"421,949,954,336",amet.ante.Vivamus@turpisnon.ca,128864181/5176,12346205,1234572634
FO,WZOSOVA ADRIANA,Rajčianska,Žíp,Rimavská Sobota,Banskobystrický kraj,"421,909,029,456",volutpat.nunc.sit@iaculisaliquetdiam.edu,830734868/2898,12346206,1234572643
FO,ZABORSKA ELENA,Račianska,Žipov,Prešov,Prešovský kraj,"421,977,991,381",sollicitudin.adipiscing.ligula@Maurisut.edu,078599878/5203,12346207,1234572652
FO,ZAHORSKY OSKAR,Repková,Žirany,Nitra,Nitriansky kraj,"421,933,442,442",neque.vitae.semper@luctuslobortisClass.edu,455214521/9796,12346208,1234572661
FO,Zajíčková Ivana,Romanova,Žitavany,Zlaté Moravce,Nitriansky kraj,"421,961,803,672",dapibus.gravida@Nullatincidunt.edu,525415290/2989,12346209,1234572670
FO,Zárubová Zuzana,Rovniankova,Žitavce,Nitra,Nitriansky kraj,"421,957,587,821",elementum.dui@luctusaliquet.org,842877339/5758,12346210,1234572679
FO,ZAVADILIKOVA EVA,Rusovská cesta,Žitná-Radiša,Bánovce nad Bebravou,Trenčiansky kraj,"421,921,452,160",orci@lacusvariuset.com,945801166/2182,12346211,1234572688
FO,ZELENAKOVA JANA,Röntgenova,Žlkovce,Hlohovec,Trnavský kraj,"421,928,968,534",In.nec@cursus.edu,202100539/3036,12346212,1234572697
FO,ZELIKOVA KATARINA,Sasinkova,Župčany,Prešov,Prešovský kraj,"421,960,847,151",ipsum.porta.elit@ullamcorper.ca,094574933/0447,12346213,1234572706
FO,ZEMAN JOZEF,Sedlárska,Župkov,Žarnovica,Banskobystrický kraj,"421,944,637,817",libero.dui@pede.com,178900021/0274,12346214,1234572715
